uid,Gender,Income,Goal_health,Goal_incex,Goal_indliving,Goal_self,Goal_food,Goal_sports,Goal_memory,Goal_sickness,Goal_religion,Goal_travel,Goal_polit,Goal_culture,Goal_hobby,Goal_commun,Goal_economy,Goal_work,Goal_familiy,Goal_relation,Goal_others,Health,Functioning,QoL,Happiness,Mother_tongue,Pet,Exercise,Hobby,Grandchildren,Education
91,1,1,6,5,6,1,2,4,6,1,1,4,1,4,1,5,5,0,6,6,4,4,4,4,4,2,0,1,0,1,3
92,1,1,6,5,6,6,5,5,6,6,0,3,4,5,1,2,3,2,6,4,4,4,4,4,5,1,0,1,1,1,3
93,2, ,6,5,6,5,5,0,6,6,0,4,4,5,6,0,5,0,2,6,5, , , , , , , , , , 
95,1,1,6,6,6,3,1,6,6,4,1,6,1,3,3,2,6,4,6,6,6,3,3,4,5,1,0,1,0,0,2
96,2,1,6,5,6, ,5,5,6,6,4,4,6,5,4,3,6,0,5,5,5, , , , , , , , , , 
99,2,1,6,6,6,4,6,6,6,2,1,2,5,4,6,3,6,1,6,5,5,4,5,3,3,1,0,1,1,1,1
100,2,1,5,4,6,4,4,3,4,5,4,2,1,2,1,4,5,1,3,4,4,3,3,3,3,2,0,1,1,0,1
101,2,1,5,5,5,3,2,4,3,2,3,2,3,4,4,2,3,0,2,4,3,4,5,5,5,1,1,1,1,0,3
103,1,2,6,6,6,4,5,6,6,5,3,3,3,4,5,3,6,2,4,5,4,3,3,4,4,1,0,1,1,1,2
104,2,2,6,6,6,3,6,5,3,3,0,6,4,3,4,0,6,6,6,6,6,4,4,3,3,1,1,1,0,0,1
105,1,1,5,5,4,3,4,5,5,4,2,5,4,3,5,2,3,1,1,3,3,3,3,4,4,1,0,1,0,0,1
106,2,1,6,6,6,0,0,2,6,1,0,0,4,4,3,4,6,0,6,0,6,4,3,3,1,1,0,1,0,1,3
109,1,2,2,2,4,1,4,1,4, ,0,3,1,2,4,1,4,1,4,2,4,3,3,1,3,1,1,0,0,0,2
112,2,1,6,6,6,5,5,5,6,3,0,5,5,5,4,3,4,2,6,6,6,4,4,4,4,2,0,1,1,1,3
113,2,1,6,4,5,4,5,5,5,4,4,3,3,4,5,3,4,2,5,5,4,4,4,3,3,1,0,1,1,1,1
114,2,1,6,6,3,4,6,6,6,6,1,3,6,6,5,5,6,4,6,6,6,3,3,3,0,1,1,1,1,0,3
115,2,1,5,5,6,5,5,5,6,1,3,4,3,4,3,2,4,5,5,5,5,4,4,3,3,1,0,1,0,0,3
116,2,1,5,3,6,5,3,3,6,3,0,0,1,2,3,0,4,4,3,3,3,4,4,3,3,1,1,1,1,0,1
117,2,1, , ,6,5,5,2,4, ,1,1,4,4,4,3,3,0,3,6,4,1,3,1,3,1,0,1,1,1,3
120,2,2,6,5,6,5,6,5,5,5,3,6,6,6,5,5,5,2,3,6,3,3,3,4,4,1,1,1,1,0,3
122,1, ,0,5,0,0,1,4,0,0,0,5,6, ,5,5,3,6, ,5,5,5,5,5,5, , ,1,1,1,3
123,1,2,6,6,3,4,3,6,6, ,0,3,5,6,6,2,1,6,3,5,4, , , , , , , , , , 
124,2,2,6,6,6,6,5,6,6,6,2,4,5,5,6,4,6,6,2,5,5,5,5,5,5,1,0,1,0,0,2
125,2,2,6,6,5,6,5,6,6,6,1,6,6,6,6,6,6,0,6,6,6,5,5,5,5,1,0,1,1,1,1
126,2,1,5,5,0,1,5,5,5,2,1,3,0,3,3,2,2,0,5,5,5,4,4,4,4,2,0,1,1,1,3
127,1,1,4,4, ,3,4,3,3,2,0,4,2,2,3,1,4,2,5,5,5, , , , , , , , , , 
128, , ,3,3,3,5,3,2,3,1,2,3,3,4,3,3,2,3,6,4, , , , , , , , , , , 
129,1,2,3,4,4,4,4,3,3,2,2,4,4,4,3,3,3,5,6,5,4,4,5,5,5, ,1,0,0,0,1
130,2,1,6,6,6,6,3,6,6,0,0,5,6,6,0,5,0,1,0,6,5,5,5,5,5,2,0,1,1,0,3
132,2,2,5,5,6,2,6,5,3,4,0,4,1,5,2,2,6,3,1,5,1,3,3,4,3,1,0,1,1,0,3
133,2,2,5,5,6,6,5,6,6,2,3,4,3,6,6,6,3,2,6,5,5, , , , , , , , , , 
139,2,1,6,5,6,5,5,5,6,6,3,5,5,5,5,3,5,4,6,6,6,3,4,5,5,1,0,1,1,0,2
141,2,1,6,6,6,4,4,3,6,3,1,5,3,3,1,1,5,1,5,6,5,3,3,3,3,1,0,0,0,1,2
142,1,1,6,6,6,4,4,6,6,6,4,3,4,5,6,4,3,3,6,6,6,5,5,5,4,1,0,1,1,0,3
144,2,2,6,6,6,3,3,6,4,0,0,0,4,6,5,2,4,0,0,6,3,5,5,5,5,1,0,1,1,0,2
145,2,1,5,4,6,5,5,5,5,3,5,4,4,4,3,5,3,5,4,5,5,4,4,4,3,1,0,1,1,0,2
146,1,1,4,3,6,2,2,2,4,2,0,1,2,2,0,0,4,3,0,3,0, , , , , , , , , , 
152,2,1,5,5,4,5,2,5,5,3,4,3,3,5,5,5,4,4,6,6,5,4,4,4,4,3,0,1,1,0,2
154,2,2,5,5,6,4,4,5,5,3,6,6,4,4,6,2,3,3,6,6,5,4,4,5,5,1,0,1,1,1,3
157,2,1,5,5,6,5,5,5,5,5,3,5,2,4,1,2,5,5,4,3,4,3,4,4,3,1,0,1,0,0,2
158,2,1,5,5,5,3,3,3,3,5,0,1,0,5,5,0,3,3,3,3,3,1,3,1,0,1,0,1,0,0,3
159,1,2,5,5,6,4,5,4,4,6,0,2,1,4,5,1,4,2,5,5,3,1,1,3,1,1,1,1,1,0,3
161,2,2,6,6,6,6,6,6,6,6,4,4,5,6,6,0,5,0,5,6,5,5,5,5,5,1,0,1,1,1,3
162,1,2,5,5,6,1,4, ,5,5,0,3,4,2,6,1,5,6,0,5,2,4,5,5,5,1,0,1,1,1,3
164,2,2,5,5,4,4,3,4,3,0,3,2,4,4,5,3,3,0,4,4,5,5,5,5,5,1,0,1,1,1,3
166,2,1,6,6,6,6,6,6,6,1,4,5,3,6,6,2,4,6,3,6,3,5,5,5,5,1,0,1,1,0,3
167,1,2,6,5,6,6,5,5,5,3,0,3,4,4,3,2,4,5,6,6,6,5,5,3,4,1,0,1,1,0,3
168,1,1,4,2,4,4,3,3,4,4,6,4,4,4,4,2,3,3,6,5,5,3,3,4,4, ,0,1,1,0,2
169,2,1,4,6,5,4,5,5,5,2,6,2,4,5,6,2,3,4,6,6,6,4,4,4,4,1,0,0,1,0,1
170,1,1,5,5,5,4,5,5,4,4,2,3,4,4,3,3,4,2,3,4,3,4,4,4,4,1,0,1,1,0,1
172,1,1,3,3,5,3,3,3,4,3,0,3,2,3,5,2,5,3,4,3,4,3,3,3,3,1,1,1,0,0,1
173,2,2,6,5,0,1,4,3,5,0,1,5,0,3,4,1,4,4,5,4,4,4,4,4,4,1,0,1,0,1,1
174,2, ,6,4,3,6,4,0,1,6,4,0,6,6,6,6,3,3,6,6,6,1,1,3,4,1,0,0,1,0,2
175,1,2,6,5,4,3,4,5,5,2,0,5,4,5,4,5,4,5,1,4,4,4,4,4,4,1,0,1,1,0,3
176,1,2,6,5,6,5,4,5,5,1,3,5,4,4,6,3,5,5,6,4,5,4,4,4,4,1,0,1,1,1,3
178,2,1,6,6,6,5,5,5,6,5,3,5,4,4,6,3,6,2,6,6,5,4,4,4,4, ,0,1,0,1,1
180,1,2,6,2,5,4,6,2,3,2,1,4,5,4,2,2,1,6,6,3,4,3,5,5,5,1,0,0,0,1,3
181,1,1,6,6,6,5,4,5,5,5,0,4,5,1,1,0,5,0,0,5,4, , , , , , , , , , 
182,2, ,6,5,5,5,5,5,5,5,0,5,2,5,5,2,5,2,6,6,5, , , , , , , , , , 
184,2,2,6,6,6,6,6,6,6,6,3,6,3,3,5,3,6,4,6,6,6, , , , , , , , , , 
185,1,1,4,4,5,4,3,3,4,3,2,5,3,4,5,2,4,2,6,4,5,3,4,4,4,1,0,1,0,1,3
186,1,1,6,6,6,3,2,4,6,4,0,5,3,5,6,2,3,0,6,6,6,4,4,5,5,1,0,1,1,1,2
190,2,1,6,6,6,5,5,5,6,6,1,3,3,3,1,2,5,1,5,6,6, , , , , , , , , , 
191,2,1,6,6,6,3,3,3,5,6,4,4,1,6,4,1,2,4,0,5,3, , , , , , , , , , 
192,2,1,6,5,6,3,4,5,6,0, , , , , , , , ,5,6,5,4,4,4,4,1,0,1,1,1,1
193,2,1,6,5,5,6,4,5,4,0,0,4,3,3,4,3,4,4,5,6,6,5,5,5,4,1,0,1,1,0,3
194,2,1,6,4,6,4,2,4,5,3,1,6,3,6,5,3,5,3,4,5,5, , , , , , , , , , 
195,2,1,6,5,6,4,5,6,3,4,1,3,4,3,1,1,4,5,4,6,5, , , , , , , , , , 
201,2,1,6,6,5,5,6,6,6,5,3,3,6,5,6,0,5,0,6,4,6, , , , , , , , , , 
203, , ,5,3,5,2,0,0,4,1,0,6,4,4,5,1,3,2,5,5,5,4,4,4,4,2,0,0,0,1,2
205,2,2,6,6,6,6,4,6,6,6,3,6,5,6,5,1,4,1,6,6,6, , , , , , , , , , 
206,2,2,4,4,5,5,4,3,4,4,3,5,5,5,5,4,4,5,4,5,4,4,3,4,4,1,0,1,0,1,3
211,2,2,6,5,5,4,4,6,5,4,0,6,5,6,5,4,4,4,6,6,5,4, ,4,3,1,0,1,1,1,3
212,2,2,5,6,5,3,3,6,5,5,1,4,3,5,5,3,3,2,5,5,5, , , , , , , , , , 
213,1,1,6,5,6,4,5,4,6, ,0,4,4,4,4,5,5,0,4,4,4,4,4,4,4,1,0,1,0,1,2
214,1,1,6,5,6,4,5,1,6,6,6,0,3,1,2,1,6,1,5,4,5,0,1,1,1,3,1,1,1,0,2
215,2,1,6,6,6,6,6,6,6,6,3,4,4,6,6,6,6, ,6,6,6,5,5,5,5,1,0,1,1,1,2
216,1,1,5,5,6,3,3,2,3,3,1,6,5,5,6,2,6,1,3,3,2, , , , , , , , , , 
217,1,2,4,4,6,4,4,4,5,4,1,1,4,4,4,5,3,1,4,4,4,3,3,4,4,2,0,1,1,0,3
218,2,2,5,4,6,4,4,3,6,5,4,4,2,4,3,4,5,3,6,6,4,3,3,3,3,1,0,0,0,1,1
219,2,2,6,6,6,5,3,6,2,2,0,4,6,5,3,3,5,5,3,6,5,4,4,4,4,1,0,1,0,0,2
220,2,1,6,6,6,6,5,6,6,6,3,4,4,5,6,2,6,6,6,6,6,3,4,3,3,1,0,1,0,0,2
221,1,2,6,6,5,4,5,6,6,6,0,3,5,4,5,0,6,2,3,4,4,4,4,4,4,1,0,1,1,1,1
227,2,1,4,2,6,5,3,3,2,2,5,3,4,3,2,1,3,4,2,4,5,5,5,5,4,2,0,1,1,0,2
228,1,1,5,4,5,4,3,3,4,4,6,5,2,4,5,4,3,3,3,5,4,4,4,4,5,1,0,1,1,0,1
232,2,1,6,6,6,5,3,6,4,2,1,2,5,5,5,5,4, ,6,6,6,5,5,5,5, ,0,1,1,1,2
233,1,2,6,5,4,4,4,5,5,2,2,4,5,5,5,3,4,3,5,6,5, , , , , , , , , , 
234,1,2,6,5,4,4,4,4,5,2,1,4,5,4,4,2,4,3,4,5,4, , , , , , , , , , 
237,1,2,5,5,4,3,4,5,4,2,2,5,2,3,3,2,4,2,5,4,5,5,4,4,4,1,0,1,1,1,2
239,1,2,5,4,5,4,3,4,4,5,0,2,1,3,2,2,3,4,5,5,5,4,4,4,3,1,0,1,1,1,1
241,2,2,6,6,6,6,6,6,6,6,6,6,6,6,6,6,6,6,6,6,6,4,4,4,4,1,0,1,1,0,3
242,2,1,6,6,6,5,4,5,4,2,0,5,3,6,5,3,3,0,3,5,4,4,5,5,4,1,0,1,1,0,3
243,2,1,4,4,6,5,2,4,6,1,1,6,4,6,2,2,4,5,0,6,5,4,5,4,4,1,0,1,1, ,2
246,2,2,6,6,6,6,6,6,6,6,6,6,6,6,6,6,6,6,6,6,6, , , , , , , , , , 
249,1,2,6,6,6,3,2,6,3,0,0,2,1,2,5,1,3,5,3,5,3,5,5,4,4, ,1,1,1,0,2
250,2,2,6,5,6,4,4,4,5,4,4,4,4,3,4,3,4,2,4,6,3, , , , , , , , , , 
255,2,1,6,6,5,5,5,5,6,6,3,4,4,4,5,4,4,3,6,5,6,4,4,3,3,1,0,1,0,1,1
256,2,1,6,6,6,5,6,5,5,4,0,3,0,2,5,0,6, ,4,1,4,4,4,3,1,2,0,0,1,0,1
258,2,2,6,6,6,6,2,6,3,0,0,6,3,4,6,2,3,0,6,6, ,5,5,5,5, ,0,1,1,1,3
260,2,1,6,6,6,5,5,6,5,6,0,5,4,3,6,1,5,0,6,5,6,3,4,4,5,1,0,1,1,1,3
264,2,1,5,4,5,4,4,2,5,5, , , , , , , , ,6,4,2, , , , , , , , , , 
268,1,1,6,4,5,4,5,4,4,5,4,3,4,5,5,4,4,0,6,5,5,4,4,4,4,1,0,1,1,1,3
271,1,2,6,5,6,5,5,5,5,1,1,5,4,3,5,4,4,6,5,6,6,4,4,4,4,1,0,0,1,0,3
272,1,1,5,1,4,4,3,2,4,5,2,2,1,0,2,6,5,0,6,5,5, , , , , , , , , , 
278,2,2,5,6,4,5,4,6,4,5,1,3,3,4,6,5,1,5,5,4,3,4,4,5,3, ,1,1,0,0,3
280,2,1,6,4,6,4,6,4,6,6,6,2,6,3,2,0,6,6,6,3,3,4,4,3,4,3,0,1,1,1,3
281,1,2,6,1,6,2,3,0,4,2,0,2,0,0,2,0,3,4,2,6,5,4,4,4,4,1,0,0,0,0,1
287,2,2,5,5,5,4,3,4,4,2,1,5,4,4,5,4,3,3,6,4,4,4,4,4,4,1,0,1,1,1,2
289,1,1,5,4,5,0,1,1,3,2,0,0,4,5,4,0,2,0,3,3,1, , , , , , , , , , 
291,1,1,6,6,6,5,5,6,6,6,1,3,3,0,5,0,6,0,5,5,3, , , , , , , , , , 
292,1,2,6,4,5,5,3,5,4,0,2,5,4,4,4,1,4,3,2,5,3,5,5,5,5,1,0,1,0,1,3
293,1,1,5,5,6,3,3,2,1,6,0,4,4,0,0,0,1,0,1,0,0,1,1,1,0,1,0,1,0,1,3
295,2,2,5,5,5,3,4,4,4,5,3,5,4,4,3,4,4,3,5,4,4,4,4,4,4,1,0,1,1,1,2
296,2,1,6,6,6,5,5,5,6,5,1,5,4,6,6,6,5,1,6,6,6,4,4,4,5,1,0,1,1,1,1
297,1,2,6,5,6,5,5,6,5,5,0,4,2,5,6,5,2,0,6,4,4,5,5,5,5,1,0,1,1,1,3
298,1,2,6,6,6,4,3,6,5,4,3,4,3,3,6,4,4,2,6,6,5,4,4,4,4,1,1,1,1,1,3
299,2,1,3,2,6,4,1,2,5,1,6,3,3,3,4,2,4,3,2,5,5, , , , , , , , , , 
300,2,2,6,6,6,6,6,6,6,1,0,6,5,3,6,0,6,0,0,6,6, , , , , , , , , , 
301,1,2,6,5,6,4,5,4,6,5,3,5,5,3,4,3,5,3,5,5,5, , , , , , , , , , 
304,1,2,5,5,5,5, ,5,5,3,2,4,4,4,6,3,4,3,4,4,3,4,4,4,4,1,0,1,1,0,3
307,1,1,6,6,6,3,5,5,4,4,0,3,3,3,3,3,6,0,3, ,3,4,4,1,1,1,0,1,0,0,1
308,1,1,6,6,6,4,4,5,4,5,0,3,4,2,5,3,4,4,6,5,6, , , , , , , , , , 
309,2, ,6,6,6,6,6,6,6,6,1,3,5,6,6,1,5,0,6,6,6, , , , , , , , , , 
310,1,2,6,5,5,4,5,5,5,4,1,6,2,6,3,2,3,1,5,5,5,4,4,4,4,1,0,1, ,0, 
311,2,1,6,6,6,5,5,6,6,5,3,6,5,6,6,4,6,4,6,6,5,3,1,4,3,1,0,1,1,1,3
312,1,2,6,4,6,4,4,5,4,3,0,6,4,5,4,0,5,6,3,6,4,4,4,4,4,1,0,1,0,1,3
313,1,2,4,2,2,3,3,5,3,2,0,6,0,0,4,0,2,1,1,4,0,5,5,5,4,1,0,1,0,0,3
315,1,2,5,6,6,3,4,5,4,2,0,6,5,5,5,1,5,2,5,6,5,5,5,5,5,1,1,1,1,1,3
316,1,1,3,3,4,5,3,3,5,3,5,5,3,2,1,5,5,4,2,3,3,4,3,4,4,2,0,0,0,0,3
317,1,2,6,5,4,4,1,5,4,0,0,4,5,6,5,1,2,4,0,3,4,4,4,4,3,1,0,1,1,0,3
318,2, ,5,5,6,4,4,6,5,6, , , , , , , , ,4,4,6,3,3,3,4, ,0,1,1,0,3
319,2,1,6,5,6,5,5,6,5,6,3,5,4,5,5,6,5,4,6,6,6,5,5,5,5,1,0,1,1,1,2
320,2,2,6,6,6,4,5,6, ,0,4,6,5,5,6,4,5,0,6,6,6, , , , , , , , , , 
322,1,2,6,3,6,5,3,6,4,6,1,4,5,5,3,2,2,0,1,5,5,4,4,4,4,1,0,1,1,0,3
323,1,2,6,4,5,3,5,6,5,0,2,3,2,3,3,5,5,5,3,3,4,4,5,4,4, ,0,1,1,0,2
325,1,2,5,5,6,4,5,5,5,4,1,4,4,3,2,5,5,0,5,5,3,4, ,5,4,1,0,1,1,1,2
326,2,2,4,4,4,3,3,4,4,3,3,4,2,4,4,4,3,0,5,4, ,4,4,5,5,1,0,1,1,1,2
327,2, ,6,5,4,4,4,4,6,3,4,5,2,5,5,5,5,2,5,5,5,4,4,4,4,2,0,1,1,0,3
328,1,2,6,6,0,3,0,4,6,0,6,5,2,4,2,3,4,3,6,6,6,5,5,5,4,3,0,1,1,1,3
332,2,2,5,5,6,5,4,3,5,6,2,3,3,4,5,1,5,4,4,6,6,3,3,4,4,1,0,0,0,1,1
333,2,2,6,6,6,4,4,5,6,6,3,4,3,3,5,1,3,3,4,6,4, , , , , , , , , , 
334,2,2,6,6,6,4,5,5,6,5,2,6,4,5,6,4,6,3,6,6,6, , , , , , , , , , 
335,2,1,6,6,6,6,6,6,6,5,0,6,6,6,6,3,6,3,6,6,4,4,5,4,4,1,0,1,0,1,2
336,2,2,6,6,6,4,4,5,6,4,0,6,6,6,6,0,6,4,4,6,4,4,4,4,4,1,0,1,0,1,2
337,1,2,5,3,6,4,3,2,6,3,1,2,1,3,5,1,2,2,5,5,5, , , , , , , , , , 
338,1,1,4,4,3,4,3,5,3,0,0,1,3,4,5,3,3,2,3,4,4,5,5,4,4,1,1,1,1,0,3
339,2,1,3,3,6,5,4,6,0,0,0,2,2,6,1,0,4,0,6,6,6,5,5,5,5,1,0,1,1,1,2
340,2,1,5,3,6,4,4,3,2,3,4,4,4,5,3,3,4,5, ,5,5,4,4,3,3, ,0,0,0,0,2
342,2,2,6,5,1,4,6,5,5,3,0,6,5,4,4,0,5,4,5,4,5,4,5,4,4,1,0,1,0,0,3
345,1,2,5,4,4,4,5,4,5,5,2,5,5,4,4,4,4,2,5,5,5,4,4,4,4, ,0,1,1,1,3
346,2,2,4,4,6,4,4,3,4,0,0,5,2,4,6,5,4,6,5,4,3,5,5,5,5,1,0,0,1,0,3
347,2,2,6,6,6,4,4,6,6,1,1,2,4,3,3,0,4,3,4,6,6,5,5,5,4,2,0,1,1,1,3
348,2,1,5,5,6,5,4,5,5,4,0,6,6,5,6,4,6,0,6,5,4,5,5,5,5,1,0,1,0,1,2
352,2,1,5,5,5,5,5,5,5,2,1,3,4,6,5,4,3,1,5,6,6,4,4,4,3,1,0,1,1,1,2
353,2,1,6,5,5,4,4,5,5,5,3,2,2,3,2,2,5,5,4,4,4, , , , , , , , , , 
355,1, ,6,5,6,6,5,5,6,4,2,6,4,6,3,3,6,5,5,6,5,4,4,4,4,1,0,1,1,0,3
356,2,1,6,5,6,5,5,5,6,6,0,1,3,3,4,3,5,1,5,6,5, , , , , , , , , , 
358,1,2,5,6,6,3,4,6,5,5,0,5,6,4,4,3,4,3,6,6,6,4,4,4,5,1,1,1,1,1,1
360,1,2,6,6,6,3,3,6,6,5,0,6,4,4,6,2,3,2,6,5,4,3,3,4,4, ,0,1,1,1,3
362,2,1,6,6,6,6,6,3,6,1,0,3,3,5,5,4,4,5,0,6,5,5,5,5,4,1,0,1,1,0,3
363,2,2,6,3,5,4,4,3,3,1,6,6,0,3,3,6,4,0,2,6,3, , , , , , , , , , 
365,1,1,6,5,6,3,4,3,6,4,0,1,1,3,4,5,5,1,6,3,4, , , , , , , , , , 
366,2,2,6,2,6,4,4,6,0,4,3,4,1,4,2,5,4,3,0,5,6,4,5,5,5, ,1,1,1,0,3
368,2,2,4,6,3,3,4,5,3,4,3,3,2,5,5,3,2,5,6,6,6,3,4,4,4,1,1,1,1,1,3
370,1,2,6,4,4,2,3,5,5,5,0,2,0,2,1,2,3,0,5,5,4,3,4,4,4,1,0,1,0,1,3
372,2,2,6,5,6,3,5,6,4,5,0,5,1,6,5,2,5,5,5,4,6,4,4,4,4,1,1,0,0,0,3
373,1,2,4,4,5,1,4,4,1,0,0,4,3,2,4,1,5,6,1,4,1,4,4,5,5,1,0,1,1,0,3
374,2,2,6,5,6,6,5,5,5,1,2,5,4,4,5,3,4,5,5,6,5,5,5,5,5,1,0,1,1,0,3
375,1,1,5,5,5,2,3,5, ,1,0,0,4,1,0,0,1,0,0,1,1,4,4,4,3,1,0,1,0,0,1
376,1,1,5,5,5,3,2,4,5,3,1,3,2,4,5,3,4,2,4,4,4,3,3,4,3,1,0,0,0,1,2
378,2,2,6,6,6,3,6,6,6,6,0,4,6,4,6,3,6,3,6,6,6,5,5,5,5,1,0,1,0,1,2
380,2,1,6,6,6,5,4,6,6,6,3,4,3,5,6,4,6,3,6,6,6,4,4,4,3,1,0,1,1,1,1
384,2,1,4,4,6,4,4,3,3,6,1,3,2,4,4,4,1,3,6,6,6,1,3,4,4,1,1,1,1,1,2
385,1,2,6,6,6,5,5,5,6,4,4,5,4,5,4,4,6,3,6,6,6,5,5,4,4,3,0,1,1,1,1
386,2,1,6,6,6,5,3,6,6,2,1,2,3,6,5,6,5,1,6,6,6,4,4,4,4,1,0,1,1,1,3
389,1,2,6,5,4,2,5,5,3,5,1,5,5,0,6,0,5,5,5,4,4,3,4,4,4, ,0,1,1,0,3
392,2,2,6,6,5,6,5,6,4,3,2,5,5,3,6,1,4,5,6,6,6,5,4,4,4,1,1,1,0,0,3
394,2,2,3,5,6,5,3,4,2,2,3,4,4,4,5,2,3,4,2,6,6,4,4,4,4, ,0,0,1,0,3
396,1,2,5,4,5,4,3,4,6,5,2,6,5,2,4,3,5,5,5,5,5, , , , , , , , , , 
397,2,2,1,3,0,2,3,2,1,0,1,4,4,3,3,3, ,0,2,4,1, , , , , , , , , , 
398,2,2,6,5,6,4,5,5,4,6,3,5,4,5,5,4,4,2,6,6,5,1,4,4,4,1,0,1,1,1,3
399,2,2,6,6,6,6,6,6,6,6,0,4,4,4,6,2,5,4,6,6,6,4,4,4,4,1,0,1,1,1,2
400,2, ,6,6,6,5,5,5,6,0,3,4,3,5,6,2,4,4,5,6,4,5,5,4,4,1,0,1,1,1,3
401,2,1,6,6,6,5,5,5,5,6, ,3,4,6,5,3,5,6,5,6,6, , , , , , , , , , 
402,1,2,6,3,5,3,4,4,4,5,3,2,3,4,3,2,6,4,3,3,3,3,3,4,5, ,0,1,1,0,2
404,2,1,6,6,6,6,6,6,6,0,3,5,0,5,0,0,6,6,2,6,6,5,5,5,3,1,0,1,1,0,3
405,2,2,5,5,5,3,3,4,3,4,2,4,4,2,4,2,4,3,5,3,2, , , , , , , , , , 
406,2,2,6,6,5,3,4,5,6,2,0,6,0,5,3,2,3,0,5,5,4,3,3,3,4,1,0,0,0,1,2
408,2,1,5,5,5,5,4,5,5,4,3,5,5,5,4,4,3,1,6,6,6,3,4,4,3,1,0,1,1,1,1
409,2,1,6,6,6,3,6,6,6,6,0,0,3,3,5,5,4,0,0,3,4,3,4,4,4,1,1,1,1,0,1
411,1, ,5,4,4,3,4,4, ,4,3,2,4,3,4,2,5,5,4,4,4,3,3,3,3, ,0,1,0,0, 
412,1,1,5,4,3,1,4,3,2,5,3,4,4,3,2,0,5,0,6,5,6,3,3,3,3,1,0,1,0,1,3
413,1,2,6,6,6,5,5,6,5,3,1,5,4,5,4,3,3,3,3,4,2,4,4,4,3,1,0,1,1,0,1
416,2,1,6,4,5,4,4,2,5,5,3,4,4,3,4,4,4,4,4,6,6,3,3,4,4,1,0,0,1,1,1
418,2,2,6,4,6,4,5,6,2,0,1,3,5,5,5,4,4,0,6,6,4,5,5,5,5, ,0,1,1,1,2
420,2,2,6,6,6,5,6,5,6,3,4,5,2,6,6,6,6,6,6,6,6, , , , , , , , , , 
421,1,1,5,5,6,3,4,3,0,0,0,2,0,0,3,0,2,6,6,5,6,4,4,3,3,1,1,0,0,0,2
422,1,2,6,6,5,5,4,4,4,3,3,6,4,5,4,3,4,5,2,5,4,4,5,5,5,1,0,1,0,0,2
423,2,2,6,6,6,6,6,6,6,6,5,2,5,6,6,5,5,1,6,6,6,5,5,5,5,1,0,1,1,1,3
424,1,1,6,6,6,4,4,6,4,4,3,5,2,2,2,2,5,0,5,4,4,3,3,4,3,1,0,1,0,0,1
425,2,1,6,6,6,0,6,5,6,6,0,0,3,2,6,6,6,0,0,6,6,3,3,3,4,1,0,1,1,0,1
427,2,1,5,5,6,5,4,3,6,5,1,3,2,4,4,3,3,0,5,5,5,1,1,3,4,1,0,0,1,1,2
429,2,1,6,6,6,3,1,5,6,6,0,1,0,1,6,2,1,0,3,5,5,4,5,4,5,1,1,1,0,0,1
430,1,2,6,5,6,2,2,6,3,2,0,4,6,4,3,2,2,6,0,3,4,5,5,4,4,1, ,1,1,0,3
431,2,2,5,5,6,4,4,5,5,1,3,4,3,4,5,5,5,1,5,6,6, , , , , , , , , , 
433,1,2,5,6,6,5,3,5,5,2,0,3,6,6,6,5,2,5,6,6,6, , , , , , , , , , 
436,2,1,6,5,5, , , ,5,5, ,0, ,0,4,4,3,0,5,5, , , , , , , , , , , 
437,2,2,6,6, ,4,4,5,4,2,2,4,3,3,1,3,4,6,2,4,5, , , , , , , , , , 
438,2,2,5,6,6,4,3,6,5,6,6,2,3,6,6,6,5,3,6,6,6,4,4,4,4,1,0,1,1,1,3
440,2,2,6,6,6,5,4,0,6,4,3,3,5,5,3,3,4,3,4,4,4, , , , , , , , , , 
441,2,2,6,5,6,3,1,5,4,1,1,3,2,6,6,3,3,0,4,5,4,5,5,5,5,1,0,1,1,1,3
442,1,1,3,1,6,4,4,1,2,4,0,6,4,4,2,0,5,0,2,6,4,4,4,5,4,1,0,0,0,1,3
443,1,1,4,4,4,4,4,4,4,4,2,4,5,4,5,4,4,3,5,5,5,3,3,3,3,1,0,0,0,0,1
445,2,1,6,4,6,5,6,5,6,6,1,5,1,4,4,4,5,1,1,6,5, , , , , , , , , , 
446,2,1,6,6,6,5,6,6,6,6,3,0,3,0,3,3,3,0,3,6,6, , , , , , , , , , 
447,2,1,6,5,5,4,2,4,6,5,2,4,3,4,5,3,2,6,4,4,4,4,4,4,1,1,1,0,1,0,3
448,1,2,6,5,6,3,3,5,5,4,0,4,4,4,4,2,4,2,3,5,3,4,5,5,5,1,0,1,1,1,1
450,1,2,5,5,6,5,2,4,5,1,0,5,5,5,4,2,5,4,3,4,3,4,4,4,4,1,0,1,0,0,3
452,1,1,6,5,6,3,4,4,6,4,0,3,4,3,4,1,4,0,6,6,6,4,4,4,4,2,1,1,1,1,1
453,1,1,6,5,6,3,4,6,5,3,3,3,3,3,5,4,5,5,5,6,6,5,5,4,4,1,1,1,1,0,3
454,2,1,6,6,6,3,5,6,6,6, ,5,3,4,4,3,5,0,5,6,6, , , , , , , , , , 
455,1,2,6,5,5,4,4,4,5,6,0,5,3,5,6,5,6,0,5,5,6,3,3,3,3,1,0,1,1,0,2
456,2,1,6,5,6,6,6,1,6,6,0,5,5,5,5,0,5,5,0,6,6,3,3,3,3,1,0,1,1,0,1
457, ,2,5,5,6,4,2,1,5,0,0,0,3,6,1,3,1,0,4,4,4,4,4,4,4,1,0,1,1,0,3
459,2,2,6,4,6,4,5,3,6,6,2,6,2,3,4,4,4,2,6,6,6,1,1,3,4,1,0,0,1,1,2
460,2,2,5,5,5,4,5,6,5,5,4,4,3,4,2,4,4,0,5,6,5,5,5,5,5,1,0,1,1,0,2
461, ,1,6,6,6,4,4,6,6,5,4,6,3,5,5,6,5,4,6,6,6,4,5,5,5,2,1,1,1,1,3
462,2,1,6,6,6,4,4,5,6,3,3,2,3,3,5,2,3,0,6,6,6,5,5,5,5,1,0,1,0,0, 
464,2,1,6,6,6,6,6,0,3,6,3,0,4,0,3,0,6,0,5,5,3, , , , , , , , , , 
465,1,1,6,3, ,2,3,1,3,6,1,3,1,2,1,2,3,1,4,3,5, , , , , , , , , , 
466,1,1,6,5,6,6,4,4,6,4,3,3,2,2,4,3,4,4,4,5,5,4,4,4,3,1,0,1,1,0,3
467,2, ,6,6,6,3,2,6,6,4,3,3,3,4,2,2,6,1,6,6,6,3,3,3,3,1,0,1,1,1,1
468,1,2,6,6,6,4,4,4,6,4,5,5,5,4,6,4,5,3,6,6,6,4,4,4,4,1,0,1,0,1,1
469,1,2,6,6,6,4,5,5,6,5,0,4,3,4,5,3,5,6,6,6,6,3,3,4,4,1,0,1,0,1,1
470,1,1,4,6,0,6,2,4,3,0,2,3,2,3,5,1,3,3,0,3,3,5,5,4,4, ,1,1,1,0,1
471,2,1,6,6,6,6,5,6,6,6,3,6,5,6,6,5,6,6,6,6,6,4,5,5,5,1,0,1,1,1,1
472,2,1,6,4,6,4,3,4,6,6,3,3,4,4,6,3,3,0,2,4,3,4,4,4,4,1,0,1,1,0,2
473,2,1,6,6,6,6,6,6,6,6,6,6,6,6,6,3,6,3,6,6,6,3,4,4,5,1,0,1,1,1,1
474,1,1,5,3,6,6,1,2,1,5,0,5,5,3,1,2,4,6,5,3,4,1,3,3,1,1,0,0,1,0,2
475,1,1,5,5,5,3,3,5,3,5, , , , , , , , , , , , , , , , , , , , , 
476,2,2,6,6,4,4,5,6,4,3,2,4,2,5,3,3,3,4,4,6,5,3,4,4,3,1,1,1,1,0,3
478,2,2,5,6,6,4,4,4,4,3,2,3,3,3,6,3,5,4,5,5,5,5,4,4,4,1,0,1,1,0,2
479,2,2,5,5,4,3,3,5,5,3,3,5,3,5,5,3,2,0,5,5,5,4,4,4,4,1,0,1,1,1,3
480,1,1,5,4,4,4,4,5,4,5,4,5,4,3,3,3,4,3,3,4,3,4,3,4,4,1,0,1,1,1,2
481,1,2,6,4,6,5,4,2,6,6,1,5,3,4,3, ,4,1,4,5,6,3,4,4,4,1,0,1,1,1,3
482,2,1,5,2,6,1,2,0,2,5,1,1,4,4,4,3,4,0,0,5,5,3,1,3,3,1,0,0,1,0,3
483,2,2,6,6,6,5,5,4,5,3,3,5,5,5,5,2,5,1,6,6,6,4,5,5,5,1,1,1,1,1,3
484,2,1,6,6,6,4,4,4,4,0,2,4,4,4,4,0,4,0,4,4,4,4,4,4,4,1,0,1,1,1,1
486,2,1,6,6,5,5,1,6,5,1,2,2,5,4,5,5,5,2,1,5,5,5,4,5,4,1,0,1,1,0,3
487,2,1,6,4,6,5,6,6,6,4,0,5,5,5,1,1,5,0,3,6,3, , , , , , , , , , 
488,2,1,5,4,5,4,4,4,5,5,2,3,2,2,3,3,3,1,5,6,5,3,3,4,4,2,0,0,1,0,1
490,2,1,6,6,6,3,6,5,5,5,3,6,4,5,5,5,4,1,1,6,5,1,3,4,4,1,0,1,1,0,1
491,1,1,6,4,6,4,6,4,4,6,0,5,2,4,6,2,5,0,4,4,6,3,4,4,3,1,0,0,1,0,3
492,1,1,5,5,6,3,3,3,5,5,4,5,4,0,0,0,5,2,5,2,5,3,3,4,4,1,0,1,0,1,1
494,2,1,6,5,6,5,3,5,6,6,3,4,2,4,3,6,4,0,6,6,5,4,5,4,4,2,0,1,1,1,2
495,2,2,5,5,5,5,5,5,5,5, ,2,3,5,5,4,5, ,6,6,6, , , , , , , , , , 
496,2,2,5,4,4,5,5,4,4,3,3,3,3,5,4,3,4,3,4,5,4,3,4,4,4,1,1,1,1,0,1
497,2,1,6,6,6,3,3,5,3,3,0,3,3,6,3,1,3,1,4,6,4,4,4,4,4,1,0,1,0,1,3
498,2,2,6,6,6,3,4,6,5,1,2,5,3,5,6,2,5,0,5,6,4,4,4,4,4,1,1,1,1,1,2
499,1, , , , , , , , , ,0,6,6,0,0,0,6,6,6, ,6, , , , , , , , , , 
500,1,1,6,6,6,0,3,5,6,6,0,0,6,6,5,0, ,0,0,6,0,3,3,5,5,1,0,0,0,0,3
501,2,2,4,5,4,0,3,5,0,4,0,4,0,5,1,0,0,0,0,3,0,3,3,5,5,1,0,1,1,0,3
503,2,2,4,4,5,4,4,4,4, ,0,4,5,6,0,2,2,2,6,5,5,4,4,4,4, ,0,1, ,1,3
505,2,2,4,3,3,4,5,4,3,3,3,5,3,3,3,2,4,2,6,5,5,4,4,3,3,1,0,1,1,0,2
507,1,2,6,5,6,5,1,5,6,1,3,4,4,6,6,6,5,3,5,6,5,4,5,5,5,1,0,1,1,1,3
509,2,2,5,4,5,3,4,5,3,4,2,4,3,3,4,2,3,3,3,3,3,4,4,4,4,1, ,1,0,1,2
510,2,1,6,6,6,6,6,6,6,6,5,5,5,6,6,6,6,5,6,6,6,5,5,5,4,1,0,1,1,1,2
511,1,1,6,5,4,4,4,4,4,4,4,4,1,3,4,2,4,2,4,5,4,3,4,4,4,2,1,1,1,0,1
512,1,2,5,5,6,3,3,3,6,5,5,4,6,2,3,3,4,3,6,6,6, , , , , , , , , , 
513,1,1,5,1,6,1,0,1,4,2,1,4,3,0,6,0,6,0,6,2,4,3,4,4,4,2,0,0,1,0,1
514,1,1,5,4,6,5,3,3,4,5,3,4,3,4,3,6,5,1,6,6,4,1,3,3,3,1,0,0,1,1,2
515, ,1,5,5,5,4,5,5,4,4,3,4,2,3,4,3,4,4,4,4,4,3,3,3,1,1,1,1,1,0,1
516,1,1,6,6,6,3,5,3,6,6,1,5,6,3,6,3,6,1,6,5,5,1, ,3,3,1,0,0,0,1,1
517,1,2,6,3,6,3,2,0,5,0,0,3,4,5,6,5,4,5,3,3,4,4,4,4,4,1,0,0,1,0,2
518,2,1,6,6,1,3,6,6,5,1,3,4,4,4,4,2,4,0,6,6,6,4,4,3,3,1,0,1,1,1,1
519,1,2,6,3,6,2,1,2,2,5,1,4,4,2,3,3,5,5,5,5,5,3,4,4,4,2,1,1,1,0,2
520,2,1,6,6,6,6,5,6,6,6,1,5,6,6,6,5,5,2,2,6,5,5,5,5,4,1,0,1,1,0,2
521,2,1,4,3,5,3,4,4,4,6,4,5,3,2,1,1,5,0,4,4,4,1,1,3,3,2,0,0,0,1,2
522,2,1,6,4,6,4,4,4,6,0,1,2,1,1,4,1,3,4,5, ,4,4,4,4,4,1,0,1,0,1,1
523,2,2,6,6,6,6,6,5,6,6,3,5,6,5,6,4,5,6,6,6, ,4,4,5,5,1,1,0,1,0,2
524,2,2,6,6,5,4,5,6,4,6,3,5,6,4,6,4,3,2,6,6,6,4,4,1,5,1,0,1,1,1,3
525,1,1,4,1,3,3,1,2,5,2,0,4,0,0,5,0,5,5,0,3,3, , , , , , , , , , 
526,1,1,5,5,5,2,4,5,4,3,0,1,3,2,4,0,5,0,1,2,2,4,4,1,1,1,0,1,1,0,2
527,1,1,6,5,6,4,3,6,5,2,1,5,3,4,3,3,4,3,3,4,4,5,4,4,4, ,0,1,0,0,3
528,2,1,6,6,6,6,6,6,6,5,2,6,5,5,5,4,5,5,6,6,5, , , , , , , , , , 
529,1, ,5,2,6,5,1,1,6,5,2,4,5,6,4,4,5,4,5,5,5,1,3,3,1,3,0,0,1,1,3
530,2,1,4,4,5,4,4,4,4,2,0,3,0,4,3,3,3,5,3,4,3,4,4,4,4,1,0,1,1,0,1
531,2,2,6,3,6,4,4,5,5,0,0,4,5,5,4,2,3,0,3,5,5,5,5,4,3,1,0,1,1,1,2
532,1,1,5,5,6,3,3,3,4,6,0,3,5,3,3,2,2,0,3,4,4,1,1,1,0,1,0,0,1,0,1
536,2,1,6,5,0,3,3,4, ,0,0,3,3,6,6,0,3,0,0,5,0, , , , , , , , , , 
537,1,2,6,3,6,4,4,2,4,6,2,1,5,2,5,2,6,0,6,4,2,3,3,3,4,1,0,1,0,1,1
538,2,2,6,5,6,4,5,4,5,5,3,5,3,4,6,3,4,5,6,6,5, , , , , , , , , , 
539,1,1,4,3,4,3,4,2,4,3,2,2,2,2,2,2,3,2,2,3,3, , , , , , , , , , 
540,2,1,6,5,5,3,5,5,5,5,5,4,2,5,4,2,3,3,6,6,4,3,3,3,3,1,0,1,0,0,1
541,1,2,6,3,3,6,1,6,3,1,6,2,6,3,6,6,1,6,3,6,5,5,5,5,5,1,0,1,1,0,3
542,1,1,6,6,6,5,6,6,6,2,1,4,4,5,4,3,5,1,6,6,6, , , , , , , , , , 
544,2,1,5,5,5,5,5,5,5,1,1,5,4,5,5,5,5,1,6,6,5,4,4,5,5,1,1,1,1,1,2
546,1,2,6,5,3,3,3,5,3,3,1,4,1,4,4,2,4,1,5,4,3,5,5,5,5,1,1,1,1,0,3
547,2,2,5,4,3,4,4,5,5,1,0,4,0,4,3,2,4,0,0,4,2,5,5,4,4,1,0,1,1,0,3
548,2,1,5,4,6,3,6,2,3,4,6,1,1,1,1,4,5,6,6,4,6, , , , , , , , , , 
549,2,2,6,6,6,6,6,6,6,5,2,5,5,5,5,5,4,2,6,5,5,4,4,4,4,2,0,1,1,1,3
550,1,2,6,6,6,6,4,6,6,5,1,6,5,4,6,5,5,1,5,5,5,5,5,4,4,1,0,1,1,1,1
551,1,2,6,4,6,2,4,3,4,3,2,5,2,4,4,3,5,2,3,3,3, , , , , , , , , , 
552,2,2,6,4,6,6,5,4,6,5,3,3,5,4,4,5,5,6,6,6,6,3,5,4,5,1,0,0,1,1,2
553,1,2,6,6,6,6,6,1,6,6,0,3,0,0,0,0,0,6,0,3,3,4,5,5,5,2,0,1,0,0,3
554,2,2,6,6,6,5,4,6,6,1,2,6,5,6,5,3,5,6,6,6,6,5,5,5,4,1,0,1,1,1,2
555,2,2,6,5,6,5,5,4,6,5,2,4,5,4,4,4,6,3,6,6,5,4,4,5,5,1,0,0,0,0,3
556,1,2,6,4,6,4,4,2,0,0,0,3,3,2,5,1,3,5,4,6,4,4,4,4,4,1,0,0,0,0,3
558,2,1,6,6,6,4,2,3,4,1,1,3,4,4,6,0,1,4,5,6,3,4,5,4,4,1,0,1,1,0,3
559,1,2,2,3,2,3,3,4,2,3,1,4,1,4,3,1,1,4,1,3,5,4,4,3,3,1,0,1,0,0,3
560,1,2,6,6,5,5,5,6,6,6,2,2,3,4,6,2,4,6,6,6,5,4,4,4,4,1,0,1,1,0,3
561,2,2,6,6,6,5,6,6,5,5,6,3,3,3,6,3,4,4,6,6,6,5,5,5,5, ,0,1,0,1,3
562,1,1,2,5,6,0,0,0,2,0,0,0,2,1,5,0,3,0,2,2,5,4,4,4,4,1,0,0,0,1,3
563,1,2,6,5,6,5,4,4,6,0,0,4,4,5,4,5,3,5,5,6,5,4,4,3,4,1,0,1,1,0,3
564,2,1,6,6,5,5,5,6,6,5,1,4,4,6,4,4,6,5,6,6,6,3,4,4,4,1,1,1,1,1,2
565,2,1,6,5,5,0,5,6,6,6,3,3,1,2,3,3,5,1,3,6,6,3,3,4,3,1,0,1,0,0,1
567,2,2,6,6,6,5,6,6,5,3,4,5,4,5,4,6,3,6,6,6,6,4,4,5,4,1,0,1,0,1,2
568,1,1,6,3,4,2,2,3,4,6,0,3,2,2,3,2,3,1,5,3,4, , , , , , , , , , 
569,2,2,6,5,6,4,4,3,6,1,4,4,4,5,4,1,4,6,6,6,6,4,4,4,4,1,0,0,0,0,3
570,1,2,3,6,5,5,3,3,3,5,0,6,6,5,5,1,1,4,4,5,4,3,3,4,4, ,1,1,1,0,3
571,1,1,5,4,3,4,3,4,4,5,1,2,3,3,2,2,3,1,3,3,3,3,4,3,4,1,0,1,1,0,2
572,1,2,6,6,6,6,5,4,6,1,5,3,5,4,4,6,4,0,6,6,5,5,4,5,5,2,1,1,1,1,3
573,2,1,6,6,6,3,3,6,6,5,6,3,2,3,3,5,2,2,5,6,6,4,4,4,4,1,0,1,1,1,3
574,2,2,6,6,6,6,6,6,4,1,1,6,1,6,6,0,6,3,2,6,2,5,5,5,5,1,1,1,1, ,3
575,2,2,5,5,6,4,4,5,5,3,0,2,1,3,4,3,4,4,6,4,3,5,5,5,5,1,0,1,1,1,3
576,2,2,5,4,6,5,4,4,4,4,0,5,3,3,1,1,6,5,4,4,4,4,5,4,5,1,0,1,0,0,2
577,2,1,6,6,6,4,4,6,3,0,0,3,4,5,5,6,5,4,4,5,4,5,5,5,4,2,0,1,1,0,3
578,2,1,6,6,6,6,6,6,6,0,3,6,1,6, ,5,4,0,4,6,5,5,5,5,5,1,0,1,1,1,2
580,2,2,6,6,6,6,6,6,6,6,3,6,4,4,6,5,6,4,6,6,6,5,5,5,5, ,0,1,1,1,2
581,1,2,5,5, ,4,4,5, , ,1,5,3, ,1,1,4,5, ,4, ,4,4,4,4, ,0,1,1, ,2
582,2, ,6,5,6,6,5,5,5,3,3,5,4,6,4,2,4,1,6,6,3,3,3,3,3,1,0,1,1,0,3
583,1,2,6,6,5,5,3,5,4,2,2,5,2,5,2,1,4, ,5,5,5,4,4,5,4,1,1,1,1,1,3
584,2,1,3,2,6,5,2,1,2,1,6,2,4,4,4,1,5,5,6,6,6,3,3,3,4, ,0,0,0,0,3
585,2,2,6,6,6,3,5,5,6,5,4,2,4,4,6,2,2,3,6,6,6,4,4,5,5,1,0,1,1,0,3
586,1,2,6,5,3,1,3,5,4, ,0,6,0,4,5,0,3,6,0,4,3,4,4,4,5,1,0,1,0,0,2
587,2,1,4,5,3,3, ,3,4,1,0, , , ,5,1,2, , ,4, , , , , , , , , , , 
588,2,1,6,6,6,5,5,6,5,3,5,4,4,4,5,6,3,3,6,6,6,4,4,3,3,1,0,1,0,0,2
589,2,2,4,4,4,2,4,2,4,2,1,2,2,1,4,1,2,4,5,4,5,5,5,5,5, ,0,1,1,0,3
590,2,1,6,6,6,4,4,6,6,1,3,3,3,3,1,2,5,5,6,6,4, , , , , , , , , , 
591,1,2,6,6,5,2,2,4,5,4,3,3,3,5,3,2,2,2,6,6,5, , , , , , , , , , 
592,2,2,5,4,4,4,3,6,4,0,1,5,5,3,5,2,4,4,4,5,5,5,5,4,4,1,0,1,1,0,3
594,1,2,6,5,6,3,5,5,3,2,0,5,2,2,5,1,5,6,4,6,5,5,5,4,4,1,0,1,0,0,3
595,2,1,4,4,6,4,4,4,0,0,1,6,5,6,4,1,5,6,1,3,3,4,4,4,3,1,0,1,1,0,3
598,2,2,6,6,6,6,6,6,6,3,2,3,4,4,6,5,4,3,5,6,5,4,4,4,4,1,1,1,1,1,2
599,2,1,6,5,3,2,4,4,4,4,4,3,2, ,2,3,5, ,5,6,5,3,4,4,4,1,0,1,0,0,3
601,2,2,5,4,5,5,4,5,4, ,3,6,3,6,6,3,3,4,4,6,5,5,5,5,5,1,0,1,1,0,2
603,2,1,6,5,6,6,5,6,6,0,5,4,5,5,5,5,1,1,4,6,5,5,5,4,4,1,0,1,1,0,2
604,1,2,4,4,3,4,3,4,4,6,2,3,3,3,5,3,3,5,6,3,6,5,4,1,3,1,0,1,1,1,3
605,2,1,5,2,0,1,4,0,5,5,5,4,0,6,1,1,0,1,6,5,3,4,4,4,3,3,0,0,0,1,1
606,1,1,6,5,6,5,4,5,5,6,0,5,4,4,6,3,5,4,5,6,4,3,3,4,3,1,0,0,1,1,1
607,2,1,5,5,1,1,1,2,1,0,0,1,4,2,6,1,3,6,1,5,1,4,4,5,5,1,0,0,1,0,3
608,2,1,6,6,6,6,6,6,6,6,3,6,4,5,6,4,6,3,4,6,4,4,4,4,4,1,0,1,1,0,1
609,1,2,6,6,6,5,6,4,6,1,6,3,5,5,5,6,5,0,6,4,5,4,4,5,5,1,1,1,1,1,3
610,1,2,6,6,6,4,5,5,6,4,3,5,5,6,5,4,5,6,6,6,5,5,5,5,5, ,0,1,1,0,3
611,2,1,4,1,6,2,0,2,6,6,2,4,4,5,6,6,6,6,6,6,6,1,1,3,3,1,0,0,1,1,1
614,1,1,4,4,2,2,2,1,4,0,0,2,1,1,1,1,2,3,3,3,3,4,3,4,4,1,0,0,0,1,2
617,1,1,3,3,0,4,3,2,3,2,4,5,2,6,4,2,6,6,1,3,3,4,4,1,1,1,0,1,1,0,2
618,1,1,6,4,6,5,3,4,5,6,3,5,5,4,3,2,5, , ,6,6,3,3,4,4,1,1,0,1,1,1
619,1,2,6,5,5,4,4,5,5,5,0,3,5,5,5,5,4,0,5,5,5,4,5,4,4,1,1,1,1,1,1
620,2,2,6,4,6,3,3,3,6,6,2,5,4,4,4,3,5,5,4,6,5,3,3,4,5, ,1,0,1,0,1
622,2,2,5,5,4,4,3,3,3,2,2,4,4, ,5,1,3,6,2,4,4, , , , , , , , , , 
623,2,2,6,6,6,6,6,6,6,5,2,6,4,3,4,3,6,5,6,6,6, , , , , , , , , , 
624,1,2,6,5,2,4,4,6,5,3,1,4,4,3,5,2,3,2,3,5,4,4,5,4,4,1,0,1,0,0,2
625,2,1,5,6,6,4,5,5,3,3,2,6,4,4,4,1,4,4,4,5,4,4,4,3,1, ,0,1,0,0,3
626,2,2,6,5,6,4,4,4,6,5,0,4,3,5,5,3,4,3,6,5,5,4,4,4,4,2,0,1,0,1,3
628,1,1,6,4,6,4,2,2,3,6,1,3,1,6,3,1,5,1,6,4,3,4,4,4,4,1,0,1,1,1,1
629,2,1,6,6,6,6,6,6,6,6,6,6,4,4,6,5,5,6,6,6,6,4,4,3,3,1,0,1,1,1,1
630,1,1,6,4,6,3,4,4,6,6,0,3,4,4,3,0,0,0,4,5,4,3,4,4,3,1,0,1,1,0,1
631,2,1,3,5,5,2,2,3,2,1,3,3,0,2,5,1,6,3,6,6,6, , , , , , , , , , 
633,2,2,6,5,6,5,5,5,5,5,0,5,3,2,6,3,5,6,6,6,5, , , , , , , , , , 
635,2,2,6,6,0,5,5,6,6,0,1,4,3,5,5,5,4,6,6,6,6, , , , , , , , , , 
637,2,1,6,5,6,5,5,5,6,6,3,3,3,4,4,4,6,6,6,6,6,4,4,4,5,1,0,1,0,0,1
638,2,1,4,4,4,3,4,3,4, ,0,4,0,4,4,0,1,5,3,3,3,3,4,4,4,1,0,1,0,0,3
639,2, ,4,5,6,2,2,4,0,0,3,5,1,4,3,6,0,5,5,6,5, , , , , , , , , , 
640,2,2,6,6,6,4,5,5,6,3,3,4,4,3,3,3,5,4,6,5,5,4,4,4,4,1,0,1,0,1,2
641,1,1,6,5,6,1,4,1,1,1,0,6,6,6,4,3,2,5,4,5,6,4,5,5,4,1,0,1,1,0,2
642,2, ,6,6,6,6,6,6,6,1,4,5,6,4,6,4,6,6,5,6,6,4,4,3,3, ,0,1,1,0,2
644,1,2,4,3,0,0,3,2,3,0,0,5,3,3,4,2,4,0,2,4,2,4,4,5,5,1,0,0,1,1,3
645,2,1,4,3,3,3,3,3,3,4,3,4,3,4,3,3,4,4,4,4,4,3,3,4,4,1,0,0,0,0,2
646,1,1,3,6,6,1,3,1,1,3,0,1,1,6,3,1,3,1,5,3,3,4,4,3,1,1,0,1,1,0,2
647,1,2,6,6,6,6,4,6,6,1,0,2,4,6,6,5,4,4,5,5,6,5,5,5,5,1,0,1,1,1,3
648,1,2,6,6,6,5,4,6,5,6,0,6,3,4,5,3,4,3,6,6,6,3,4,4,4,1,0,1,1,0,2
649,2,1,6,6,6,3,2,6,6,4,2,2,2,2,6,3,3,0,6,6,6,4,4,4,4,1,0,1,1,1,1
651,2,1,6,5,6,6,4,4,6,6,4,3,4,6,4,5,5,5,5,6,5,1,3,4,4,1,0,1,1,0,3
653,2,2,6,4,6,5,4,4,5,1,1,4,5,5,5,2,3,5,6,6,6,4,4,4,5,1,0,1,1,1,3
655,1,1,6,5,5,4,3,5,5,3,3,4,4,4,4,3,4,0,5,5,5,4,4,4,4,1,0,1,0,1,2
656,1,2,6,4,6,0,0,0,0,1,0,1,2,0,6,2,3,0,4,4,4,4,4,4,5,1,0,1,1,1,3
657,2,2,6,5,4,6,6,4,2,3,0,5,2,5,1,1,6,4,1,5,1,4,4,3,3, ,1,1,1,0,3
658,1,1,3,3,4,2,4,3,3,0,4,2,6,2,3,0,6,0,6,6,6,5,5,5,5,1,1, ,1,1,1
659,2,1,6,5,6,4,4,5,6,4,4,4,4,4,3,6,3,0,4,6,5,4,4,4,4,1,0,1,1,1,1
660,2,2,6,6,6,4,1,6,4,1,0,3,3,6,6,5,3,0,6,5,5,4,5,5,5,1,1,1,1,1,3
661,1,2,5,5,5,3,4,3,3,3,0,3,3,2,5,0,4,3,3,4,4,4,4,4,3,1,1,1,0,1,3
663,2,2,5,4,5,4,3,5,4,1,2,4,3,4,4,5,5,5,4,4,4,4,4,4,3,1,0,1,1,0,3
664,1,2,6,5,6,4,4,6,4,2,1,6,0,2,3,0,3,4,0, ,4,5,5,5,5,1,0,1,1,0,3
665,2,1,5,5,4,3,3,5,5,1,4,4,4,5,6,3,4, ,1,5,3,4,4,4,4,1,0,1,1,1,1
666,1,2,5,4,5,5,3,2,5,1,2,5,5,5,3,3,4,4,3,4,4,5,5,5,5,1,0,1,1,1,1
667,2,1,6,5,6,6,3,6,6,6,3,3,3,5,5,4,6,3,4,4,4,3,3,4,3,1,0,1,1,0,3
669,1,1,6,6,5,5,5,5,6,5,2,4,4,5,6,4,4, ,6,5,5,4,4,4,4,1,0,1,1,1,1
670,2,1,6,6,6,2,0,6,4,3,0,3,0,1,6,1,4,0,4,4,4,5,5,4,4,1,0,1,1,1,2
671,2,1,6,6,6,6,6,6,6,6,3,4,3,5,5,3,4,2,6,6,6,3,4,3,4,1,0,1,1,1,2
672,2,2,6,5,6,4,4,4,3,5,0,1,2,4,6,4,3,1,6,6,6,4,4,4,4,1,0,1,1,0,3
673,1,1,2,3,1, ,6,5, ,2,3,4,0,0,0,0,0,0,3,1,3, , , , , , , , , , 
674,2,2,6,6,6,4,4,5,6,3,3,4,3,5,5,3,3,1,6,6,5,4,4,4,4,1,0,1,1,1,3
675,2,1,6,5,5,4,5,3,5,5, , , , , , , , ,5,5,5,3,4,3,3,1,0,1,1,1,3
676,1,2,4,3,6,4,4,2,4,5,1,2,5,4,2,4,3,5,5,4,5, , , , , , , , , , 
677,1, ,6,4,6,4,5,2,4,3,0,3,1,2,1,1,4,5,4,5,6,4,4,5,4, ,1,1,1,1,3
678,2,1,6,6,6,5,4,6,4,4,3,1,5,5,6,1,6,6,0,6,0,4,4,4,3, ,0,1,0,0,2
679,1,2,4,5,6,3,4,5,4,4,5,5,4,5,5,2,4,3,5,5,4,4,4,4,4,1,0,1,1,1,3
680,2,1,6,6,6,5,6,6,6,5,3,5,2,4,5,2,3,0,6,6,5,5,5,5,5,1,0,1,1,1,2
681,1,2,6,5,6,2,4,5,5,5,4,5,2,2,5,2,4,4,6,6,5,3,4,4,4,1,0,1,1,1,3
682,1,2,5,5,6,4,5,4,5,5,1,4,4,3,4,2,4,2,5,5,5,4,4,4,4,1,0,1,0,1,3
683,2,2,6,6,6,3,3,6,6,5,1,4,2,4,4,3,3,3,4,4,4,4,4,4,4, ,0,1,0,0,1
684,2,1,6,6,6,4,4,6,6,6,4,5,4,6,4,4,6,6,5,6,5,5,5, ,5,1,0,1,0,1,1
685,2,1,6,5,6,3,5,6,6,6,3,3,4,3,4,2,5,5,2,5,4,4,4,4,3,1,0,1,0,0,2
686,2,2,6,6,5,4,5,5,6,1,0,1,2,2,5,0,3,0,6,6,6,4,4,4,4,1,0,1,1,1,2
687,2,2,6,3,6,6,5,5,6,4,3,4,5,6,4,2,4,6,6,5,5,4,4,4,4,1,0,0,1,1,3
688,2,1,5,5,6,6,5,4,6,5,3,5,5,5,3,5,4,2,5,5,5,3,4,3,3,1,0,1,1,0,1
689,1,2,6,5,6,2,4,5,5,2,1,5,5,3,5,5,4,2,6,5,3,5,5,4,4,1,0,1,1,1,3
690,1,2,5,2,5,2,3,4,3,3,0,4,2,5,1,1,5,5,0,5,3,4,5,5,4,1,0,1,0,0,1
691,1,2,5,2,6,3,2,5,2,4,3,5,5,3,5,1,5,3,5,6,6,4,4,4,4,1,0,1,0,1,2
692,2,2,6,5,5,5,5,6,6,6,0,3,5,4,4,2,4,2,6,6,6,3,3,3,1,1,0,1,1,1,1
695,2,1,6,6,6,6,5,6,6,6,2,2,5,4,4,3,3,2,4,4,4,5,5,4,4,1,0,1,1,0,3
696,2,1,5,3,6,3,5,3,4,4,4,4,2,5,6,4,6,5,5,6, ,3,4,5,5,1,0,1,1,1,1
697,2,1,5,2,5,2,5,2,6,2,1,6,4,3, ,1,5, ,2,5,2, , , , , , , , , , 
698,1,1,6,5,6,3,5,5,3,6,0,6,3,2,4,1,5,1,2,5,4,1,3,3,4,1,0,1,1,0,1
699,1,2,6,6,6,5,4,5,5,2,6,3,2,4,6,3,5,0,5,6,4,5,5,5,5,1,0,1,0,0,3
700,2,1,6,6,6,4,6,6,6,6,4,4,5,4,4,4,6,0,4,6,5,4,4,4,3,1,0,1,1,1,1
701,2,1,5,5,5,4,2,4,4,1,0,5,5,5,5,2,5,6,0,6,5, , , , , , , , , , 
702,1,2,5,5,5,3,3,4,4,4,0,3,2,2,3,1,3,4,4,4,4,4,4,4,4,1,1,1,1,0,3
703,1,1,6,5,6,6,6,5,6,6,0,6,4,6,6,3,4,4,6,6,6,4,4,4,4,3,0,0,1,0,3
704,1,2,6,4,6,4,4,4,5,5,1,3, ,3,3,1,3,5,4,3,4,3,1,3,3,1,1,1,0,0,2
705,2,2,6,6,6,1,5,5,6,3,6,3,4,3,4,3,2,0,6,4,5, , , , , , , , , , 
707,2,2,5,4,5,3,2,3,5,5,1,1,2,3,2,0,4,2,0,5,4,3,3,4,4, ,0,0,0,0,1
708,1,1,6,6,5,3,4,5,2,2,1,1,2,2,3,5,5,1,6,4,4,4,4,3,4, ,0,1,0,1,2
709,1,2,4,4,5,4,3,3,5,5,2,4,3,4,5,3,4,3, , , ,4,4,4,3,2,0,0,1,1,3
710,1,1,6,5,4,4,5,4,0,0,0,3,0,3,4,1,3,4,3,4,3,4,5,5,5,1,0,1,1,1,1
711,2,2,6,5,4,4,4,4,2,2,5,5,5,3,5,5,3,5,6,6,5, , , , , ,0,1,0,1,1
712,1,2,4,5,6,2,4,5,4,2,1,3,5,5,2,3,4,5,2,4,3,5,5,4,5, ,0,1,1,1,3
713,2,2,6,6,6,6,6,6,6,6,6,4,4,5,6,4,4,2,6,6,6,4,5,5,5,1,0,1,1,1,3
714,2, ,6,6,6,6,6,6,6,6,5,6,3,5,6,5,5,5,5,6,5,4,4,4,4,1,0,1,0,0,1
716,1,1,5,5,4,5,4,4,5,6,2,5,4,3,4,4,6,5,0,5,4, , , , , , , , , , 
721,1,2,6,6,3,4,3,6,6,2,5,6,4,2,6,4,3,5,5,5,6,4,5,5,4,1,0,1,1,1,1
722,1,1,3,2,5,2,3,2,4,2,0,3,4,3,1,3,2,4,1,6,3,3,3,3,4,1,0,0,0,0,1
724,2,2,3,3,3,2,2,2,2,2,0,2,4,2,5,2,3,4,2,5,3,4,4,4,4,1,0,0,1,0,3
725,1,2,5,4,6,2,3,0,4,5,3,2,5,4,5,2,4,5,6,6,6,4,5,4,4,1,0,1,1,1,2
728,1,1,4,4,5,4,3,2, ,5,3,3,2,2,2,2, ,4,4,3,4, , , , , , , , , , 
729,1,2,5,5,3,3,5,5,3,3,0,0,3,4,5,5,3,4,2,5,3, , , , , , , , , , 
730,1,1,3,3,5,3,2,2,4,3,2,4,4,3,3,3,2,2,5,5,4,3,3,4,4,3,1,0,0,1,2
731,2,2,6,5,6,5,5,6,6,4,4,6,4,5,5,4,6,2,4,6, ,5,5,4,4,1,0,1,1,0,1
732,2,2,6,6,0,0,0,6,0,0,0,3,0,3,3,0,3,0,0,3,3,4,4,4,4, ,0,1,1,0,3
733,1,2,5,3,5,4,3,3,4,5,2,5,3, ,5,5,3,2,5,5,4,3,3,4,4,1,0,0,1,1,2
734,1,1,6,5,5,5,3,3,5,5,0,5,3,3,2,2,2,0,6,6,4,3,3,3,4,1,0,1,0,1,3
737,1,1,6,6,6,6,6,6,6,6,6,6,0,6,6,2,4,0,6,6,6,4,3,5,5,3,1,1,1,1,1
738,1,2,5,5,6,3,3,2,6,3,2,5,5,5,2,2,4,5,2,3,5,5,4,4,4,1,0,1,0,0,2
739,2,1,6,6,6,6, ,6,6, ,2,3,5,5,5,5,3,3,6,6,5,4,4,4,4,1,0,1,1,1,2
742,1,2,4,5,6,5,5,4,4,5,0,3,3,1,5,1,5,6,6,6,5,5,4,5,5,1,0,1,0,0,1
743,1,2,4,5,5,4,4,1,4,1,0,5,4,5,3,3,3,5,3,3,4, , , , , , , , , , 
745,2,1,6,6,5,4,3,5,2,1,0,3,2,4,5,3,4, ,6,4,4,4,4,4,4,1,0,1,1,1,2
746,2,1,5,5,3,4,5,6,3,3,0,6,3,5,6,0,5,3,1,5,3,4,4,4,4,1,0,1,0,0,2
747,1,2,6,5,5,5,4,5,6,5,4,5,3,4, ,3,5,5,6,5,5,4,4,4,4, ,1,1,1,1,3
749,2,1,6,6,6,6,5,2,6,6,2,2,6,2,3,0,6,3,2,2,0,4,4,4,4,1,0,1,1,1,1
750,2,1,6,5,6,5,4,4,5,5,1,2,3,4,3,2,4,1,5,6,4, , , , , , , , , , 
751,2,1,6,6,6,6,6,6,6,6,0,5,5,2,6,5,4,0,6,6,6,4,4,4,4, , , , , , 
752,1,2,5,5,5,2,2,4,4,1,0,4,5,3,4,2,3,0,3,5,4, , , , , , , , , , 
753,1,1,3,5,3,5,5,4,4,2,1,5,0,3,3,5,3,2,3,3,3, , , , , , , , , , 
754,2, ,6,6,6,6,5,5,3,2,1,5,6,5,5,4,5,4,4,6,6, , , , , , , , , , 
755,1,1,6,4,4,3,4,3,4,5,1,4,5,3,4,0,3,0,0,6,4,3,3,3,3,1,0,1,1,0,3
757,2,1,4,5,6,3,2,4,4,0,0,0,5,4,1,4,4,4,4,3,4, , , , , , , , , , 
758,1,2,6,5,3,4,4,4,3,3,1,3,2,6,6,2,5,5,5,5,5,4,4,4,4,1,0,1,1,0,3
759,1,1,6,0,2,4,4,0,6,6,2,6,5,3,6,4,5,3,5,4,4,1,1,4,4,1,0,0,0,0,2
762,1, ,5,5,6,1,6,6,2,0,3,3,1,4,5,1,4,5,6,6,5,4,4,4,5,1,0,1,0,1,1
764,2,1,6,6,6,6,4,6,6,0,0,4,4,3,6,3,4,5,5,6,5,4,4,4,5,1,0,1,0,0,1
765,2,2,6,3,6,5,5,6,5,5,4,4,2,3,5,1,4,4,3,6,5,3,3,3,4,1,0,1,0,0,2
766,2,1,3,5,3,3,3,3,3,2,2,5,2,5,5,3,4,4,3,3,2,3,4,5,5,1,0,1,1,1,2
767,2,2,6,6,6,5,5,6,6,6,0,3,6,6,6,1,6,4,6,6,6,4,3,4,3,1,0,1,1,0,2
768,2,1,6,6,6,3,6,6,6,1,1,6,1,3,6,1,3,0,0,3,3,4,4,3,3,1,0,1,0,0,3
769,2,2,6,6,6,5,5,6,6, ,3,4,2,4,6,3,4,4,6,6,6,5,5,5,4,1,0,1,0,1,2
770,2,1,5,4,5,5,4,5,5,5,5,4,3,4,5,5,4,3,5,5,5,4,4,4,4,1,0,1,1,1,2
771,2,1,5,4,5,4,4,4,5,5,3,2,2,3,4,3,3,2,4,4,4,3,3,4,4,1,0,1,1,1,1
774,2,1,6,6,6,4,5,6,5,6,4,3,4,5,5,3,3,5,5,5,5,4,4,4,4, ,0,1,1,1,3
775,1,1,3,4,6,2,3,0,0,1,6,3,3,3,5,3,3,4,6,6,6,3,3,0,5,1,1,1,1,0,2
776,2,1,6,5,6,3,5,5,6,6,4,5,0,3,2,0,6,0,6,3,6, , , , , , , , , , 
777,2,2,5,4,5,4,3,3,6,5,1,6,1,5,5,3,4,3,5,6,4,3,3,5,4,1,0,1,0,0,2
778,2,1,6,6,5,5,3,4,5,3,3,4,3,5,6,4,4,5,6,6,5, , , , , , , , , , 
779,1,2,4,4,6,3,3,3,4,3,0,6,1,1,3,1,1,1,0,2,0,3,3,3,3,3,0,0,0,0,1
780,1,2,6,6,6,4,3,6,6,0,0,6,3,3,3,2,3,0,6,5,5,5,5,5,5, ,0,1,1,1,2
782,1,1,4,3,3,4,4,4,3,2,0,3,2,4,3,0,5,4,5,5,3,3,3,4,4,3,0,1,0,1,1
783,1,1,4,4,3,3,3,3,3,4,1,3,3,3,2,2,4,4,3,4,3,3,3,4,4,1,0,1,1,0,1
784,2,1,6,6,5,5,5,6,6,5,0,0,5,3,6,3,3,0,3,5,3,3,4,4,3,1,0,1,1,0,3
785,1,2,6,6,6,4,4,4,6,6,0,5,6,4,6,2,5,1,6,6,6,3,3,4,4,1,0,1,1,1,1
786,1,2,5,4,5,3,3,6,5,2,1,4,3,4,4,3,4,5,4,4,3,5,4,5,4,1,1,1,0,1,3
788,1,1,6,5,5,5,5,5,6,6,2,6,2,4,5,3,5,5,5,6,5,4,4,4,5,1,0,1,0,0,2
789,2,2,6,6,6,6,4,6,6,2,0,4,3,4,5,3,5,5,4,6,4, , , , , , , , , , 
790,2,2,6,6,6,5,6,6,6,5,4,5,4,4,5,4,4,6,6,6,6,5,5,5,5,1,0,1,1,0,2
791,1,2,5,4,4,4,4,5,4,2,1,4,4,4,3,4,4,2,4,4,4,4,4,4,4,1,0,1,1,1,3
792,2,2,5,4,5,4,2,3,4,3,5,5,0,5,5,5,4,1,4,5,1,3,3,4,4, ,0,1,1,1,3
793,2, ,6,5,6,6,4,5,6, ,5,5,5,4,4,3,4,4,6,6,6, , , , , , , , , , 
795,1,2,6,5,6,5,4,4,5,4,3,4,4,3,4,2,4,2,3,5,3,3,5,4,4,1,0,1,1,0,3
798,1,1,6,4,6,5,3,4,5,5,2,4,4,4,3,3,4,2,4,4,4,3,3,3,4,1,0,1,1,1,3
799,2, ,6,6,6,6,6,6,6,6,0,5,2,4,4,3,5,3,6,6,6,4,4,5,4,1,0,1,1,1,3
800,1,2,6,6,6,4,4,4,5,0,0,6,2,5,6,5,5,5,5,4,5,4,4,3,4,1,0,0,1,1,3
802,2,1,6,6,6,5,3,3,6,6,6,1,6,6,5,3,6,1,6,6,6,4,4,3,3,1,0,1,0,1,2
803,2,2,5,5,6,4,3,5,5,1,0,1,3,4,6,2,1,0,6,5,5,4,5,5,4,1,1,1,1,1,3
804,1,2,6,4,2,4,4,4,4,2,3,4,2,4,4,3,3,4,4,4,4, , , , , , , , , , 
805,1,1,1,2,6,3,0,0,1,2,0,0,5,0,2,0,2,6,6,3,5,4,4,4,3,1,1,0,1,0,1
806,1, ,5,5,4,3,3,5,4,0,2,2,2,3,3,2,2,4,4,4,4,5,5,4,4,1,1,1, ,1,1
807,1,2,5,5,6,2,2,4,2,1,1,4,3,3,3,1,2,1,5,5,5, , , , , , , , , , 
808,1,1,6,6,6,4,5,5,6,3,2,3,2,3,3,5,3,2,6,6,5, , , , , , , , , , 
809,1,2,6,6,6,5,4,6,5,6,1,6,6,5,6,4,6,4,6,6,6,4,5,5,5,1,0,1,1,1,3
810,2,1,4,3,3,3,4,3,4,4,3,3,2,2,4,3,3,3,4,4,4,3,3,4,4,2,0,0,0,1,3
811,2,1,5,5,6,4,4,6,4,2,2,4,4,3,3,1,4,0,6,5,4,5,5,4,4,1,0,1,0,1,2
812,1,2,4,3,4,2,4,3,4,4,2,4,2,3,3,2,3,4,5,5,5, , , , , , , , , , 
814,2,1,5,5,6,4,3,4,4,4,0,3,5,6,5,2,3,0,1,4,4,4,3,4,3,1,0,1,1,0,3
815,1,2,5,4,5,3,5,5,5,5,2,3,5,5,5,5,5,0,4,5,4, , , , , , , , , , 
816,2,1,4,4,5,4,4,4,5,4,3,3,3,4,4,3,3,1,6,5,5,4,4,4,4, ,0,0,0,1, 
818,1,2,5,5,6,5,3,5,5,3,0,3,2,4,4,3,4,1,4,5,5, , , , , , , , , , 
819,2,1,6,6,6,4,5,6,4,5,2,4,4,4,6,1,5,5,4,6,4,4,4,4,4,1,0,1,0,0,2
821,2,2,6,5,6,4,5,5,5,5,4,5,5,5,5,5,5,2,5,5,5, , , , , , , , , , 
822,1,1,3,3,2,5,3,1,4,4,4,5,3,4,3,3,4,5,5,5,4,3,4,4,4,3,1,0,1,0,3
823,2,1,6,6,6,3,5,6,6,3,0,5,4,5,5,1,2,0,1,6,6, , , , , , , , , , 
824,1,2,6,2,0,4,5,2,5,0,0,6,1,4,2,5,4,5,6,3,4,4,4,4,4,2,0,1,1,0,3
825,2,2,5,5,5,3,4,5,5,5,3,3,4,2,2,2,4,2, , ,4,4,4,4,4,1,0,1,0,1, 
826,1,1,5,5,5,4,3,2,5,2,0,1,4,2,4,1,2,1,5,3,4,4,4,4,4,1,1,1,0,1,3
827,2,1,6,6,5,6,5,3,6,4,6,4,6,5,5,5,5,3,6,6,6,3,4,4,4,1,0,1,0,1,1
829,1,1,6,5,6,4,4,5,6,5,1,6,3,4,6,4,4,2,5,4,3,4,5,4,4,1,0,1,1,1,3
830,2,1,6,6,6,2,2,5,4, ,1,4,2,4,3,3,1,0,5,6,5,4,4,5,4,2,0,1,1,1,3
831,2,2,4,5,5,3,3,2,3,5,3,4,0,3,5,0,3,5,6,4,5,3,4,4,4,1,0,0,1,1,2
832,1,1,6,6,6,6,4,6,6,4,1,4,1,3,4,3,6,1,6,6,6, , , , , , , , , , 
833, ,2,6,6,6,5,5,5,5,3,3,6,4,4,5,3, ,3,5,6,5, , , , , , , , , , 
834,2,1,6,6,6,6,6,6,6,6,3,5,3,5,6,4,4,0,6,6,6,3,3,3,3,1,0,0,1,1,2
835,2,1,4,4,4,2,1,2,4,6,1,4,3,2,5,3,4,2,5,4,5,3,4,3,1,1,0,0,1,0,3
841,2,1,4,5,6,4,4,4,3,3,2,2,2,3, ,5,3,1,3,3,4, , , , , , , , , , 
843,2,1,5,6,4,2,6,6,5,2,4,5,4,6,6,5,4,1,4,3,3,3,4,5,5,1,0,1,1,0,3
844,2,1,6,5,6,4,4,5,6,3,3,4,4,5,4,4,5,4,4,5,4,5,5,5,5, ,0,1,0,0,2
845,2,1,6,6,6,6,6,6,6,0,5,5,5,5,5,5,5,5,6,6,5,4,4,4,4,1,0,1,1,1,3
846,2,1,5,5,5,5,5,4,5,2,1,4,3,6,4,4,5,5,4,5,4,4,4,4,4, ,1,1,1,0,2
847,2,2,6,5,6,6,5,5,6,6,0,4,5,3,6,3,4,5,6,6,6, , , , , , , , , , 
848,1,2,6,6,5,4,5,6,5,3,0,4,5,2,5,3,3,1,5,4,3,4,4,4,4, ,0,1,1,1,3
849,2, ,6,6, , ,6, ,5,0, , , , , , , , , , , , , , , , , , , , , 
852,1,2,6,5,6,3,4,6,3,5,2,6,3,3,5,5,5,5,5,5,5,4,4,4,4,2,0,1,1,0,1
853,2,2,5,5,4,3,4,5,4,1,0,3,3,4,4,4,3,4,4, ,4,5,4,4,4, ,0,1,1,1,3
854,2,2,6,6,6,6,5,6,6,6,3,4,3,6,6,4,4,4,6,6,5, , , , , , , , , , 
856,2,1,6,6,5,5,5,5,5,5,5,5,5,4,4,4,6,6,6,6,4,4,4,4,5,1,0,1,0,0,2
859,2,1,5,5,5,4,4,5,5,3,1,3,3,4,5,2,4,3,5,5,5,3,4,4,4, ,0,1,0,0,2
860,2,1,6,6,6,3,3,6,6,2,2,4,4,5,5,3,5,2,6,6,4,4,4,4,3,1,0,1,1,1,1
862,1,1,6,6,5,3,4,2,3,6,3,1,5,1,6,0,4,3,6,5,5,3,3,3,3,1,0,1,0,1,2
864,2,1,3,5,6,3,2,5, ,3,1,4,4,5,5,4,2,2,6,6,4,3,3,4,4,1,0,0,0,1,2
865,1,2,6,5,6,5,5,5,6,4,3,4,5,4,5,5,5,6,5,6,5,3,4,3,4,1,0,1,1,1,2
869,1,2,6,5,6,6,5,6,5,6,0,5,4,3,6,2,4,0,6,5,5,4,4,4,4,1,0,1,1,1,1
871,1,2,5,5,6,2,3,4,5,1,1,1,3,3,3,5,3,1,5,5,4,4,4,4,4,1,0,1,1,1,3
872,2,1,5,4,4,3,4,4,4,4,2,3,3,3,5,2,4,0,4,4,4,4,4,4,4,1,0,1,0,1,1
873,2,1,6,6,6,6,6,6,3,3,3,5,5,6,5,3,4,6,3,6,6,4,4,4,4,1,0,1,1,0,3
874,2,1,6,6,6,5,5,5,5,6,4,2,5,2,4,3,5, ,6,6,5,4,3,4,3,1,0,1,1,1,2
875,1,1,6,6,6,4,4,5,5,5,2,3,2,2,3,2,4,4,4,5,5,4,5,4,4, ,0,1,1,0,3
876,2,1,5,5,0,0,4,5,6,5,3,0,4,1,5,0,6,0,5,6,5,4,4,4,3,2,0,1,0,1,1
878,1,2,6,3,6,0,2,0,3,0,0,0,0,0,0,0,4,0,4,3,3,4,5,4,4,1,0,1,0,0,1
879,1,2,5,5,3, , , , ,1, , , , , , , , , , , , , , , , , , , , , 
880,1,2,6,5,6,6,5,5,6,5,0,3,1,4,4,0,5,0,3,4,3,3,3,4, ,1,0,1,1,1,3
881,2,1,6,6,6,4,5,4,6,2,3,4,4,4,4,3,3,1,4,6,5,4,4,4,4,1,0,1,0,1,3
882,1,1,5,5,4,3,3,3,4,3,1,2,2,2,5,3,3,0,2,4,3, , , , , , , , , , 
883,2,2,4,4,6,3,2,4,4,0,0,4,3,4,4,2,2,2,5,4,3,4,4,4,3, ,0,1,1,0,1
884,2,2,6,6,6,5,5,6,6,5,3,3,3,3,4,2,5,5,6,5,5,4,4,4,4,1,0,1,0,0,3
885,2,2,6,6,6,4,4,6,6,4,6,6,4,6,5,3,4,3,6,6,6,4,4,4,5,1,1,1,1,1,3
888,1,1,5,5,5,2,5,0,5,0,0,3,1,2,3,0,5,0,3,3,3,4,4,3,3,3,0,0,1,0,3
892,2,2,5,4,6,6,4,4,3,3,6,6,4,5,3,1,3,1,4,5,5, , , , , , , , , , 
893,2,1,6,5,5,3,3,3,5,6,2,0,5,5,3,2,4,3,6,6,5,4,4,5,5,1,0,1,1,1,3
894,2,1,6,6,6,6,6,6,6,6,4,5,4,6,6,5,6,6,6,6,6, , , , , , , , , , 
896,1,2,6,5,6,4,4,3,5,3,1,3,3,3,6,1,4,5,6,6,6,3,4,4,4,1,0,1,1,0,3
897,1,2,3,2,6,3,3,3,3,3,0,2,3,2,6,1,2,3,5,5,5,3,3,4,3,1,1,0,1,0,1
898,2,2,6,5,6,5,5,5,4,0,3,5,3,5,5,4,4,2,5,6,4,4,4,4,4,1,0,1,1,1,2
899,1,2,5,3,3,5,1,1,1,2,0,4,5,5,5,0,5,0,4,1,2,4,4,4,4,1,0,1,1,0,3
901,2,1,6,6,6,3,5,3,6,6,3,3,4,2,6,0,6,6,3,6,4,4,3,3,3,2,0,0,0,0,3
902,2,1,6,6,6,2,4,6,5,6,1,5,5,5,5,5,5,6,5,6,5,4,4,4,4,1,0,1,1,0,2
903,2,1,4,6,6,3,2,2,5,3,6,3,1,2,6,5,1,0,5,5,4, , , , , , , , , , 
904,2,1,5,5,5,4,4,5,4,3,0,4,5,5,5,5,2,4,5,5,4,4,5,5,4,2,0,1,1,1,3
906,1,1,6,6,6,4,5,6,6,6,1,3,6,5,5,3,3,1,5,5,6,5,5,4,3,1,0,1,0,0,1
907,2,2,6,6,6,3,5,5,6,5,3,0,2,0,5,2,5,0,6,6,6,4,4,4,4,1,0,1,1,1,1
908,2,1,5,5,6,3,3,5,4,1,3,5,1,4,3,1,4,1,1,4,4,5,5,4,4,1,0,1,0,0,3
909,1,1,5,5,5,5,3,5,5,4,2,5,2,5,3,4,4,3,6,5,5,3,4,4,4,1,1,1,0,0,3
910,2,1,6,6,6,6,4,4,3,1,1,6,4,4,4,6,2,5,1,5,2,5,5,5,4,1,0,1,1,0,2
911,2,1,6,6,5,5,5,6,6,3,3,5,1,5,5,4,5,2,5,6,5,3,3,3,3,1,0,1,1,1,1
912,1,2,4,5,4,2,3,3,4,2,1,4,2,5,4,3,4,3,5,4,3,5,5,4,4,1,0,1,1,0,3
913,2,2,6,6,6,5,4,6,6,2,2,6,2,5,6,4,4,6,2,6,5,4,4,5,5,1,0,1,0,0,3
914,1,1,3,2,4,3,2,2,3,4,1,3,3,1,5,6,4,6,6,5,5,3,3,1,3,1,0,0,1,1,1
915,2,2,5,5,5,4,4,4,5,5,3,4,5,5,4,4,5,5,6,6,6,4,4,4,4,1,0, ,1,0,2
917,1,2,5,4,5,3,3,4,5,3,3,4,3,4,4,3,4,4,4,4,4,4,4,4, ,1,0,1,1,0,3
918,1,2,6,3,6,3,4,5,5,6,2,5,2,3,5,1,3,0,0,6,6,3,3,4,4,1,0,1,1,0,3
921,2,2,6,6,6,4,5,6,6,3,0,4,1,2,5,3,3,0,6,6,6,4,4,4,4,1,0,1,1,1,1
922,1,2,5,4,6,4, ,3,4,2,1,4,6,4,2,2,5,4,4,5, ,4,4,4,4, ,0,1,0,0,3
923,2,1,5,5,6,5,4,4,5,3,0,3,3,3,5,2,4,0,4,5,6,4,4,3,3,1,0,0,0,0,1
924,2,1,5,4,6,4,4,3,4,3,4,3,3,5,3,3,4,6,2,5,3,4,4,3,3,1,0,1,0,0,1
925,1,1,6,6,6,5,5,6,6,0,6,5,4,4,4,4,4,6,1,6,6, , , , , , , , , , 
926,2,1,5,5,6,5,3,3,6,6,2,4,4,4,4,2,3,6,3,5,4,3,3,4,3,1,0,1,0,0,3
927,2,2,6,6,6,3,3,5,6,4,5,4,4,6,6,6,4,3,6,6,6,3,5,4,4,1,0,1,1,1,1
929,2,1,6,5,4,4,4,5,4,0,6,4,3,4,4,4,3,3,4,6,5,4,4,4,4,1,0,1,1,1,2
930,2,1,6,6,5,4,5,5,4,5,3,4,4,3,5,3,5,5,6,5,4,5,4,4,3,1,0,1,0,1,1
931,2,2,5,4,5,3,5,3,3,5,4,4,3,5,5,2,3,5,5,5,5,3,4,4,4,1,0,1,1,1,3
932,2,1, ,3,5, ,4,2, , ,3, ,3,3, , , , ,2,5, , , , , , , , , , , 
934,1,1,6,5,6,3,3,5,1,1,0,5,3,3,3,0,4,6,3,6,5,3,4,4,4, ,0,1,1,0,2
935,1,2,4,5,4,3,5,2,4,1,1,3,5,2,3,1,2,5,1,3,2,4,4,4,4,1,0,1,1,0,3
936,1,2,6,5,5,3,5,5,5,5,0,5,1,4,4,1,5,0,5,4,3,4,4,4,4,3,0,1,1,1,2
938,2,2,4,3,6,2,4,2,4,4,2,5,5,5,4,1,5,6,3,5,5,3,4, ,4, ,0,0,0,0,2
939,1,2,6,3,6,3,6,6,6,3,1,6,4,4,4,3,4,6,6,6,3, , , , , , , , , , 
942,1,2,5,3,5,4,5,5,5,5,2,3,4,3,3,0,3,4,5,3,4,4,4,4,4,1,1,1,1,0,3
943,2,1,6,5,5,5,5,5,5,6,3,5,3,5,4,2,5,3,5,5,5,4,3,1,1,1,0,0,0,0,1
944,1,2,6,5,5,6,4,4,6,1,5,4,5,5,5,5,3,5,5,6,6,3,4,4,4,1,0,1,1,1,3
945,1,2,3,1,6,4,1,0,6,1,0,0,3,4,4,0,3,2,3,1,1,3,3,3,3,1,0,1,1,0,2
947,2,1,6,6,5,5,5,6,5,6,5,4,5,5,5,4,5,6,5,6,5,5, ,4,4, ,0,1,0,0,2
950,2,2,4,3,4,2,2,4,4,1,1,4,2,2,3,1,1,1,6,5,5,4,4,4,3,1,0,1,0,1,3
951,2,1,6,5,6,2,3,2,5,0,0,2,5,4,5,5,5,3,6,5,5,5,5,4,4,1,0,1,1,1,3
953,1, ,6,6,6,4,4,6,6,4,3,5,5,5,5,4,5,3,6,5,5,4,4,4,4,1,0,1,1,1,2
955,2,1,6,5,4,0,3,4,3,3,1,1,5,1,1,0,6,6,0,5,3,4,3,3,3,1,0,1,0,0,1
956,2,2,6,6,5,3,5,4,6,4,4,3,2,4,3,3,4, ,6,6,4,4,4,4,4,1,0,1,0,1,2
957,1,2,6,5,6,2,5,4,2,5,2,6,4,5,5,1,5,1,6,6,3, , , , , , , , , , 
958,2, ,6,5,5,4,5,5,6,5, , , , , , , , , , , , , , , , , , , , , 
960,2,1,6, ,6,6,6,6,6,1,3,6,3,3,6,3,5,6,6,6,5,5,5,5,5,1,0,1,1,0,2
961,1,2,6,5,3,5,4,5,6,5,3,6,3,3,5,4,5,5,5,5,5,4,5,5,4,3,1,1,1,0,2
962,2,1,6,6,6,6,6,6,6,6,6,4,5,4,6,6,6,2,0,6,6,4,4,4,5,1,0,1,1,0,2
965,2,2,6,6,6,3,1,4,5,4,0,0,2,5,3,0,5,0,6,5,5,4,4,4,4,1,0,1,1,1,3
968,2,2,5,5,4,4,5,6,4,0,1,5,4,5,5,1,4,0,4,5,5,5,5,5,5,1,0,1,0,0,2
969,2,1,5,5,6,4,5,5,5,2,2,6,3,2,6,0,4,1,0, ,2,4,4,5,5,1,0,1,0,0,3
970,2,2,6,5,6,6,2,6,6,5,2,6,5,6,6,3,4,2,2,5,3,5,5,5,5,1,0,1,1,0,3
971,2,1,5,4,5,4,4,4,5,4,2,4,2,4,3,1,2,1,4,5,4,4,4,4,4,1,0,1,0,0,3
974,2,2,4,4,6,4,5,3,4,0,4,6,4,5,4,3,4,0,6,5,5,5,5,5,4,1,0,1,1,1,3
975,2,2,6,6,6,6,6,6,6,6,4,5,6,4,6,4,6,4,6,6,6, , , , , , , , , , 
977,2,1,5,5,4,4,3,5,4,3,2,3,3,5,3,4,2,3,3,3,4,4,4,4,4, ,0,1,1,1,3
978,2,1,5,3,6,6,6,5,6,5,6,1,6,2,2,5,2,2,2,5,5,3,3,4,5,1,0,1,1,1,1
980,1,2,3,5,0,2,1,6,0,0,0,2,2,3,6,4,3,5,3,4,3,5,5,5,4,1,0,1,1,1,3
981,1,2,5,6,5,4,5,5,4,1,2,3,3,3,3,3,3,4,3,3,3,4,4,4,4,2,1,1,0,0,3
982,2,1,6,6,6,3,3,5,4,0,4,4,1,4,4,4,6,1,6,6,6,5,5,5,5,1,0,1,1,1,2
983,1,2,5,5,5,5,2,5,3,3,3,4,6,5,3,3,4,4,3,6,5,4,4,4,4, ,0,1,1,0,3
984,2,1,6,6,6,3,4,4,5,0,3,4,2,3,5,3,4,0,5,6,4,5,4,4,3,2,0,0,1,1,1
986,1,2,5,4,6,5,4,3,6,3,3,4,2,3,5,3,5,2,6,6,6,4,5,5,4, ,0,1,1,1,1
987,1,2,5,3,6,3,4,5,3,6,0,3,2,2,4,0,5,5,3,5, ,3,4,4,4,1,1,1,0,0,3
989,2, ,5,4,5,3, ,0,0,0,4,4,4,3,1,1,4,4,2,5,5,1,1,4,4,1, , , , ,3
990,2,1,5,5,6,6,6,3,6,5,4,5,3,3,6,2,6,0, , , ,1,1,1,3,2,0,1,0,1, 
993,1,1,5,4,6,4,3,0,6,0,0,6,5,3,0,0,6,6,5,5,3,4,4,4,4,3,0,0,0,0,3
994,2,1,6,5,6,3,3,6,6,2,0,3,5,5,6,4,3,0,3,5,5, , , , , , , , , , 
995,2,1,5,4,6,4,4,5,3,0,6,4,3,3,4,4,4,5,5,4,5,4,4,4,3,1,0,1,1,1,3
996,2,2,6,6,6,6,6,6,6,6,5,4,5,5,5,5,5,3,6,6,6, , , , , , , , , , 
997,1,2,6,6,6,4,4,6,6,6,4,4,4,5,4,4,6,0,6,6,6, , , , , , , , , , 
998,2,2,6,6,1,4,6,6,4,6,6,6,3,3,5,3,4,2,6,6,6,3,1,4,4,1,0,1,1,1,2
999,2,1,6,5,6,6,6,6,0,0,4,6,4,6,6,3,4,5,6,6,5,5,5,4,5,1,0,1,1,1,2
1000,2,2,6,5,6,5,4,6,4,5,1,3,0,5,2,3,2,1,4,6,5,4,4,5,5,2,1,1,1,0,3
1001,1,1,6,6,6,5,6,6,5,0,5,4,4,4,6,5,4,4,6,6,6,5,5,4,4,1,0,1,1,0,2
1002,1,2,5, ,0,4,4,6,3,5,1,2,0,2,4,4,3,5,6,4,3,4,4,4,4,1,1,1,0,1,2
1003,2, ,6,6,5,4,4,6,2,3,2,5,2,3,5,2,6,4,1,6,5,5,5,5,5,1,0,1,0,0,2
1004,2,2,5,6,6,5,5,5,5,5,6,3,5,5,5,5,5,5,3,6,5,4,4,4,4,1,0,1,1,0,2
1006,2,1,6,6,6,4,3,3,4,1,1,3,2,4,4,3,3,3,1,6,3,5,5,5,5,1,0,0,0,0,3
1007,1,2,6,6,5,4,3,6,4,6,3,5,2,4,5,6,4,1,4,6,5,4,5,5,4,1,0,1,1,1,3
1010,2,1,6,4,6,5,3,4,3,6,1,3,5,6,5,4,1,1,6,6,6,3,4,4,4,1,0,1,0,1,2
1011,2,1,5,4,5,4,4,4,5,2,1,5,3,5,3,1,2,0,5,4,2, , , , , , , , , , 
1013,2,1,6,6,6,6,5,6,1,6,0,6,1,2,5,3,2,1,0,4,2,4,4,4,3,1,1, ,1,0,1
1014,2,2,6,5,6,6,6,6,4,0,4,5,4,6,6,4,4,3,5,5,4,5,5,5,4,1,0,1,1,1,3
1016,2, ,6,6,6, ,6,6,5,0,0,3,4,5,6,0,5,6,0,4,4,5,5,4,4,1,0,1,1,0,3
1018,1,2,2,2,1,3,3,2,2,4,2,4,3,3,3,1,2,1,3,3,3,3,1,3,3,2,0,0,1,1,3
1021,2,2,5,4,5,3,3,4,5,4,2,4,4,4,3,2,3,3,6,4,4,3,4,4,4,1,0,1,1,1,1
1022,1,2,6,6, ,3,6,4,5,5,2,6,6,5,4,3,4,5,2,5,5,4,4,4,4,1,0,1,1,1,3
1023,1,2,6,6,5,5,6,6,5,3,2,6,5,5,5,5,6,0,5,6,3,4,4,4,4,2,0,1,1,1,3
1024,1,2,6,2,6,4,3,5,2,1,3,4,1,3,3,2,4,4,5,5,6,4,4,4,4,1,0,1,1,1,3
1027,2, ,5,5,6, ,5,4,5, ,5,4,3,4,6,2,4,6,6,5,6,3,3,3, ,1,0,1,0,0,1
1030,2,2,5,4,6,5,4,5,2,3,3,5,2,5,5,2,3,5,3,6,6,4,4,4,4,1,0,1,1,0,3
1031, ,1,6,6,6,3,3,6,5,5,6,4,3,3,3,4,4,5,1,4,4, , , , , , , , , , 
1033,2,1,4,4,3,3,3,2,3,1,6,0,3,1,4,6,3,0,1,5,3,5,5,4,4,1,1,1,0,1,3
1034,2,1,6,6,6,5,6,5,5,5,3,3,2,4,2,2,2,6,6,6,5,3,4,4,4,1,1,0,1,1,3
1035,2,1,5,6,6,6,4,5,5,6,6,3,5,5,4,6,5,1,1,6,4,3,1,4,5,1,0,1,1,0,2
1036,2,2,5,6,0,0,5,6,5,0,0,3,0,5,4,0,5,6,6,5,0,5,5,5,5, ,0,1,0,0,3
1037,2,1,4,3,6,4,4,2,2,2,6,2,3,3,4,6,4,6,2,6,5,4,4,4,4,1,0,0,0,0,3
1038,1,2,6,5,6,4,3,2,4,3,2,4,3,5,4,2,3,4,6,6,6,4,4,4,4,1,0,0,1,1,2
1039,2,2,6,6,6,6,5,4,6,5,1,5,6,4,3,4,4,5,4,4,4,4,4,5,5,1,1,1,0,0,3
1040,1,2,6,6,6,4,5,6,5,3,4,4,3,4,5,4,4,3,5,5,5,4,5,4,4,1,0,1,1,0,2
1041,1,2,6,6,6,5,4,6,6,3,2,5,5,4,4,4,5,3,6,6,5,4,4,4,4,1,0,1,1,1,3
1044,1,1,5,4,4,6,3,2,5,3,3,4,5,4,4,3,2,4,0,5,5,4,4,4,4,1,0,1,1,0,3
1046,1,1,3,4,4,3,3,2,2,3,2,4,2,3,3,2,4,4,3,3,2,4,4,4,4,1,1,1,0,0,3
1056,1,1,6,6,6,6,0,4,6,6,0,0,4,0,6,0,4,0,5,6,4, , , , , , , , , , 
1059,2, ,6,6,6,4,5,6,5,1,3,4,5,2,4,2,6,5,6,5,5,4,4,4,4,2,1,1,1,1,2
1060,1,2,6,6,6,4,4,6,6,2,1,4,3,4,3,3,4,2,4,4,5,4,4,5,4,2,0,1,0,1,3
1061,1,2,6,5,6,4,4,6,3,1,0,5,1,4,5,6,1,0,5,4,5,4,5,4,5,1,0,1,1,0,3
1062,1,1,5, ,6,3,4,6,5,4,1,2,2,3,5,4,5,1,4,5,4,4,4,4,4, ,0,1,0,1,1
1063,1,2,5,2,6,1,4,5,1,5,0,5,5,6,2,2,6,0,5,6,3,3,3,4,4,1,0,1,0,0,2
1064,1,1,6,0,6,3,5,0,1,0,0,0,2,0,5,0,5,0,0,0,3,4,4,4,4,1,0,0,1,0,1
1065,1,1,4,4,5,4,2,4,3,2,0,5,4,5,3,2,5,3,6,5,4,4,5,4,3,1,0,0,1,1,3
1067,1,2,4,4,5,4,4,4,4,3,0,4,5,4,3,2,4,4,4,4,4,3,3,3,3,1,0,1,0,0,3
1069,2,1,6,6,6,5,5,6,6,3,1,4,6,6,6,3,3,0,6,6,6,4,5,4,5,1,0,1,1,1,3
1071,1,2,4,4,6,4,4,4,6,4,0,6,6,4,4,2,4,1,4,4,4, , , , , , , , , , 
1074,1,2,6,4,6,5,4,4,4,4,3,6,5,6,6,4,4,6,6,6,6,3,4,5,5,1,0,1,1,1,1
1075,1,2,6,6,6,6,5,6,6,5,3,3,5,3,3, ,5,0,6,5,6,4,4,4,4,1,0,1,0,1,2
1076,1, ,5,5,6,4,5,5,5,5,1,1,2,1,5,1,5,3,5,5,5, , , , , , , , , , 
1077,1,1,4,4,6,4,4,3,4,6,1,2,1,3,3,5,4,2,6,4,5,3,3,4,5,1,0,0,1,1,1
1078,2,1,6,5,6,5,4,4,6,2,1,3,3,6,2,1,1,4,6,6,6,4,4,5,5,1,0,1,1,1,1
1080,2,2,6,6,5,5,6,5,4,3,2,6,1,6,5,5,2,3,4,6,4,4,4,4,4,1,1,1,1,0,2
1081,2,1,5,3,5,3,4,4,5,5,0,4,5,6,3,5,4,6,5,6,5, , , , , , , , , , 
1082,2,2,5,4,6,2,3,6,2,2,2,5,1,4,3,1,3,1,6,5,4,4,4,5,5,1,0,1,0,1,3
1083,2,1,6,6,6,4,5,6,5,6,4,6,4,4,5,3,6,0,6,5,5,3,3,3,3,1,0,1,0,1,2
1084,1,1,5,4,4,6,4,3,6,5,0,5,4,5,4,1,5,5,1,5,3,4,4,3,3, ,0,1,1,0,3
1085,2,1,6,5,6,6,6,4,6,2,0,6,3,5,3,1,6,0,4,6,3,3,4,4,5,1,0,0,0,0,1
1088,1,1,6,6,6,5,3,5,5,4,0,6,1,2,5,2,3,2,4,6,5,3,3,3,4,1,1,1,1,1,1
1089,1, ,3,4,4,3,4,3,2,4,1,2,1,2,2,1,2,6,5,6,3, , , , , , , , , , 
1090,2,1,5,4,6,5,4,4,5,4,2,4,4,3,4,1,4,5,4,6,5,4,4,4,4,1,0,1,0,1,1
1091,1,1,5,4,5,5,5,5,5,5,3,5,3,5,5,3,5,5,6,5,5,3,4,4,4,1,0,1,1,1,2
1092,2,1,5,5,5,4,5,5,3,3,1,4,4,4,3,4,4,1,1,5,2,3,4,4,4,1,0,1,1,0,3
1093,1,2,6,6,6,4,6,6,4,6,0,6,3,6,6,0,6,1,6,6,6,1,1,4,5,1,0,1,1,1,1
1094,1,2,0,0,6,0,0,0,0,0,0,0,1,0,0,0,1, ,6,3,0,4,4,5,4,1,1,1,0,1,2
1095,1,2,5,5,6,4,2,6,2,1,6,5,2,5,5,6,2,0,1,6,4,5,4,5,4,1,0,1,1,1,3
1096,2,1,5,5,6,3,5,1,6,0,0,0,5,4,6,1,5,5,6,4,2,4,4,4,4,1,1,1,1,0,1
1097,1,1,6,6,6,2,5,6,6,0,0,0,4,4,2,1,4,4,2,6,6,4,4,4,5,1,1,1,0,0,1
1099,1,1,4,1,6,4,3,6,4,4,3,1,1,3,3,2,3,4,0,3,3, , , , , , , , , , 
1100,2,1,6,2,6,5,6,1,6,6,1,3,5,6,0,3,6,6,6,6,6,3,4,3,3,3,0,0,1,0,3
1104,1,2,5,4,5,2,3,1,3,3,1,5,4,4,3,1,4,0,3,4,3,4,4,4,4,1,0,0,0,0,1
1105,1,1, ,4,5,2,3,4,3,4,0,2,1,1,2,1,3,1,4,4,4,3,3,3,3,1,0,0,0,1,1
1106,2,2,6,5,5,3,5,5,5,6,3,5,4,4,5,2,2,2,3,3,3,4,4,4,4, ,1,1,0,0,1
1107,2,1,5,3,3,3,0,1,1,5, , , , , , , , ,1,4,3,3,3,3,3,1,0,1,1,0,2
1108,2, ,6,6,6,6,6,6,3,6,0,5,5,6,6,4,5,6,6,6,6, , , , , , , , , , 
1109,1,2,6,5,6,3,3,5,5,5,0,3,3,2,4,1,4,5,6,5,5,4,4,4,4, ,0,0,0,1,1
1110,1,1,5,2,4,4,4,2,1,1,5,3,4,5,4,3,3,3,5,5,5,4,4,3,3,1,0,1,1,1,1
1111,1,2,6,5,6,5,5,6,6,5,2,5,5,4,6,3,5,5,4,6,5, , , , , , , , , , 
1112,1,1,6,5,2,3,5,4,3,3,1,2,4,1,3,0,3,3,4,3,4,4,4,4,4,1,0,0,1,1,1
1114,1,2,5,4,4,3,3,3,4,3,2,4,2,4,3,3,3,2,4,4,4,4,4,4,4,1,0,1,1,1,1
1115,2,1,6,5,6,4,5,5,4,6,4,5,4,4,5,3,4,5,4,4,5,4,4,4,4,1,0,1,0,0,3
1116,1,2, ,6,6,4,5,6,4,2,2,3,6,6,2,1,3,6,2,3,2,4,3,4,4,1,0,1,1,0,3
1117,2,2,5,5,6,6,5,6,5,5,3,5,5,6,5,5,5,6,6,6,5, , , , , , , , , , 
1118,1,1,4,5,5,5,3,5,5,4,4,5,5,5,5,6,3,3,6,6,6,4,4,4,4,1,0,1,1,1,1
1122,2,2,6,6,6,6,6,6,6,6,1,4,4,4,3,4,4,4,4,5,3,4,5,4,4,2,1,1,1,0,3
1123,1,1,6,6,6,4,4,5,4,1,2,5,5,4,2,2,4,5,3,6,5,4,4,4,4,1, ,1,1,0,2
1125,1,2,6,6,6,4,5,5,5,5,1,4,5,3,5,5,4,4,5,5,5,4,5,5,4,1,0,1,1,0,2
1126,2,1,5,5,6,2,4,5,5,3,0,4,4,4,4,4,1,0,3,5,4,4,4,4,4,1,0,1,1,0,3
1127,1,2,4,6,1,5,1,4,1,0,2,4,1,5,4,2,3,5,6,5,6,5,5,5,5,1,0,1,1,1,3
1128,2,1,4,4,4,4,4,3,4,3,2,5,4,5,4,3,4,2,5,6,5,4,4,5,5,1,0,0,0,1,2
1129,2,2,5,4,5,4,4,6,4,3,3,5,4,5,4,1,4,0,3,4,3, , , , , , , , , , 
1131,1,1,6,4,6,3,5,6,6,4,0,4,5,5,6,0,6,0,1,4,4, , , , , , , , , , 
1133,2, ,6,6,6,3,5,6,4,4,0,3,4,5,4,0,4,6,0,4,4,4,5,4,4,1,0,1,1,0,2
1134,1,2,5,4,6,2,4,3,5,5,0,4,4,0,3,1,3,0,5,5,5, , , , , , , , , , 
1135,2,2,6,6,6,6,6,6,6,6,3,4,4,6,6,5,4,2,4,6,5,4,4,4,4,1,0,1,1,1,3
1137,2,1,6,6,6,6,6,6,6,6,5,4,4,5,4,2,5, ,4,6,6,4,4,4,4, ,0,1,1,1,2
1138,2,1,6,6,6,5,5,6,6,6,6,6,6,6,6,6,6,1,6,6,5,4,3,3,3,1,0,1,1,0,1
1140,1,1,6,3,6,0,3,1,5,6,0,4,6,3,0,0,3,0,3,0,0,1,1, ,1, ,0,1,0,1,2
1141,2,1,5,5,6,5,6,4,6,6,6,4,1,3,5,5,6,1,5,5,5,1,1,3,3,1,0,1,0,1,1
1142,1,1,6,5,6,6,1,4,6,6,0,2,2,6,3,2,6, ,6,6,5,3,3,5,5,1,0,1,0,1,1
1143,1,2, , , , ,3, ,2, , , , ,2, , , ,3, ,3,4, , , , , , , , , , 
1144,1,1,6,5,5,6,5,4,6,4,2,4,4,5,4,4,4,3,3,5,4,5,5,4,4,1,0,1,1,0,3
1145,2,2,6,5,6,3,3,4,4,4,4,5,3,4,3,4,3,5,6,5,5, , , , , , , , , , 
1149,1,2,6,4,6,6,4,4,6,5,0,0,6,1,6,5,6,6,6,6,6,5,5,5,5,1,0,1,0,0,1
1150,2,1,6,6,5,4,5,6,5,6,4,5,4,6,6,2,5,6,6,6,5,4,4,5,5,1,0,1,1,0,1
1151,1,1,5,5,6,4,4,5,5,5,0,2,3,5,4,5,3,2,3,5,4,4,4,4,4,1,0,1,1,0,3
1152,2,1,4,5,5,4,2,4,4,5,1,2,4,5,6,4,4,1,2,4,3, , , , , , , , , , 
1153,2,2,6,2,6,2,4,2,6,6,3,3,6,4,5,2,5,0,6,4,5,3,3,4,4,1,0,1,1,1,3
1155,2,1,4,4,6,3,5,4,5,1,0,2,4,2,4,1,5, ,2,4,2,4,4,4,4,1,0,1,1,0,2
1157,1,1,6,6,6,6,5,6,6,1,1,4,4,5,6,3,3,4,6,6,6,4,5,4,4,1,1,1,0,1,1
1158,2,1,5,6,5,4,6,5,6,5,5,6,3,4,5,5,5,3,4,5,6,4,4,5,5,1,0,1,1,0,1
1159,2,2,6,5,6,5,5,5,6,6,0,2,2,4,4,1,4,1,5,6,5,3, ,4,5,1,1,1,1,0,3
1160,1,2,6,6,6,5,5,6,5,5,2,5,5,3,4,3,4,5,5,5,4,4,4,4,4,1,0,1,0,0,2
1161,1,2,5,3,0,5,2,2,5,0,0,3,4,5,1,0,2,0,2,6,1,4,4,4,4,2,1,1,1,0,3
1162,2,2,6,4,5,3,4,4,4,4,3,3,2,3,3,4,4,2,6,5,5,4,4,4,4,1,0,1,0,1,2
1163,2,2,5,5,5,2,4,5,4,3,2,5,5,5,3,6,4,1,4,5,4,3,3,4,4,1,0,1,1,1,3
1165,2,2,6,6,6,4,5,6,6,3,1,3,3,5,5,4,3,0,6,6,6,4,4,4,4,1,0,1,1,1,2
1166, ,2,5,2,5,2,3,2,2,3,2,3,3,4, ,4,1,2,6,4,2,4,4,4,3,1,0,0,1,1,3
1167,2,1,6,6,6,5,6,6,4, ,3,4,2,4,6,2,5,0,6,6,6, , , , , , , , , , 
1168,1,2,6,5,5,5,5,6,6,4,3, ,2,3,3,0,5,4,4,4,4,4,4,3,4,1,0,1,0,0,3
1169,2, ,5,5,3,1,2,4,5, ,0,2,2,3,2,4,4,0,6,4,4,4,4,5,5,2,0,1,1,0,3
1170,2,1,6,5,6,5,4,5,5,3,2,4,3,5,4,2,3,4,0,5,3,4,4,4,4,1,0,1,1,0,3
1171,1,1,6,5,6,5,5,5,6,6,3,4,4,5,5,6,5,2,5,6,5, , , , , , , , , , 
1172,1,1,3,4,4,4,2,4,3,5,0,2,3,2,2,0,4,3,3,2,1,3,4,1,3,1,0,1,0,0,3
1173,2,1,5,6,6,5,4,4,6,4,3,5,4,5,4,3,5,6,5,5,6, , , , , , , , , , 
1174,1,2,6,6,6,3,3,3,6,6,0,4,3,4,6,4,4,0,3,5,5,4,4,4,4,1,0,1,0,1,2
1175,2,1,6,6,6,0,4,3,5,0,4,2,6,2,3,0,6,0,5,4,6,4,4,4,4,1,1,1,1,1,1
1176,2,1,4,4,4,3,3,3,4,4,2,2,3,2,4,2,3,2,3,4,3, , , , , , , , , , 
1177,2,1,5,4,6,4,4,3,5,5,0,6,2,2,0,1,2,0,4,6,6,4,4,5,4,2,0,1,1,1,1
1180,1,2,6,4,5,4,5,2,4,5,0,5,5,5,6,5,3,0,5,5,5, , , , , , , , , , 
1181,2,2,5,5,6,4,4,6,3,4,4,2,2,4,5,3,4,5,6,6,4, , , , , , , , , , 
1182,1,2,6,3,6,3,4,5,5,3,0,5,5,1,3,1,5,3,3,5,5,3,1,3,5,1,0,1,0,1,2
1183,2,2,6,5,6,3,5,3,6,0, ,6,3,4,4,4,3,4,6,6,5, , , , , , , , , , 
1184,1,1,5,6,5,5,3,1,5,4,1,0,4,5,5,1,4,6,1,5,4,4,4,4,4,1,1,0,1,0,3
1186,2,1,6,6,6,4,6,5,6,4,2,4,4,3,2,2,4,1,5,5,5,4,4,3,3,1,0,1,1,1,2
1187,2,1,6,6,5,4,5,6,6,5,1,6,4,4,5,3,5,0,5,6,5,4,4,4,4,1,0,1,1,0,1
1188,1,1,6,5,6,4,4,5,6,5,3,4,4,4,3,3,5, ,6,5,5,3,3,4,4, ,0,1,0,1,1
1189,2,1,4,3,5,2,4,3,5,5,1,5,5,5,5,2,3,3,3,5,5,4,4,4,4,1,0,0,0,1,3
1190,1,2,2,3,5,1,1,3,1,2,0,2,1,4,3,1,1,2,3,2,3,4,5,3,3,1,1,1,0,0,1
1192,1,2,6,5,5,2,2,6,3,3,1,6,3,4,6,1,5,2,6,6,4,4,4,4,4,1,0,1,1,1,2
1193,1,2,6,6,6,5,3,4,6,4,6,4,5,3,6,1,5,6,3,6,3, , , , , , , , , , 
1194,2,2,6,6,6,6,6,5,6,6,6,5,3,5,4,4,3,5, ,4,6, , , , , , , , , , 
1195,2,1,5,5,5,6,3,3,3,1, ,3, ,5,3,4,3,4, ,4,3, , , , , , , , , , 
1196,2,1,6,2,6,2,5,2,3,6,1,1,0,4,3,1,6,0,6,6,5, , , , , , , , , , 
1198,2,1,6,4,5,4,4,4,4,3,3,3,4,3,2,1,4,1,6,5,5,4,4,4,4,1,0,1,0,1,1
1200,2,1,4,4,4,2,4,5,4,5,2,1,1,4,4,2,3,0,4,4,4, , , , , , , , , , 
1201,1,1,2,3,5,3,1,1,5,1,1,2,6,1,3,3,4,2,3,4,3, , , , , , , , , , 
1202,2,2,5,6,0,1,2,5,1,0,2,3,4,3,4,2,3,6,0,1,2,4,4,4,4,1,0,1,1,0,2
1203,2,1,3,4,4,4,6,3,4,6,5,1,3,1,2,2,4,5,6,6,6,4,4,4,4,1,0,1,0,1,2
1204,1,2,5,5,5,5,4,4,5,5,0,4,4,3,4,3,5,5,5,4,3,3,3,4,3,1,0,1,1,1,1
1205,2,2,6,6,6,4,6,4,6,2,0,6,5,4,6,3,6,6,6,6,6, , , , , , , , , , 
1207,2,1, , , , , , ,3, ,5,4, ,4,4,4,4,5,4,5,5,3,3,3,3,3,0,1,0, ,1
1209,2,1,5,5,5,5,3,4,4,0,0,4,2,3,1,5,3,1,5,5,4,4,4,3,3,1,0,1,1,1,3
1211,1,1,6,6,6,6,3,6,6,3,0,5,3,5, ,3,3,6,5,6,5,4,4,4,4,1,0,1,1,1,3
1212,1,2,6,6,6,4,6,5,1,3,6,4,4,5,6,6,5,6,6,4,4,4,5,5,5,1,1,1,1,0,3
1213,2,1,4,5,5,3,4,3,4,2,3,3,4,4,5,2,4,5,3,4,3,3,4,3,4,1,0,0,0,0,3
1215,2,2,4,4,3,3,3,2,2,1,6,4,2,1,1,1,1,3,4,5,2,4,4,4,3,1,0,0,0,1,2
1216,1,2,6,6,6,4,1,5,6,1,0,3,5,5,5,2,4,5,5,5,5,5,5,5,5,1,0,1,1,1,3
1217,2,1,6,5,6,4,4,4,6,6,1,6,4,3,6,2,6,1,4,6,6,4,4,4,4,1,0,1,0,0,1
1218,1,2,5,5,5,4,4,5,3,4,2,3,2,2,4,2,4,5,5,5,5,3,4,4,5,1,0,1,0,1,2
1219,2,1,6,4,4,6,6,5,6,6,3,5,6,6,4,4,2,5,5,5,4,4,4,4,4,1,0,1,1,1,3
1221,1,1,6,1,6,6,4,4,3,5,1,5,5,5,6,5,6,4,3,6,6,0,0,0,1,1,0,0,0,0,1
1222,2,1,6,6,6,6,6,6,6,6,4,3,4,4,6,5,5,6,6,6, ,4,4,4,5, ,0, ,0,1,3
1223,2,1,6,6,6,5,6,6,6,6,6,5,6,6,5,6,6,5,6,6,6,4,4,5,5,1,0,1,1,1,1
1225,1,2,2,2,6,2,3,2,2,4,6,2,5,3,4,1,6,2,6, ,6, , , , , , , , , , 
1226,1,1,6,4,6,4,4,4,6,5,2,6,4,4,6,4,4, ,6,6,6, , , , , , , , , , 
1227,1,2,4,5,6,3,2,4,5,3,2,4,2,3,5,3,4,5,2,5,5,4,4,4,4,1,0,1,1,0,2
1229, ,1,5,6,6,4,5,6,4,6,1,3,4,3,3,1, ,6,2,5,5, , , , , , , , , , 
1231,1,1,6,4,3,3,4,5,4,3,2,4,3,3,3,5,4,3,3,4,4,4,4,3,4,1,0,1,1,0,1
1232,1,1,5,6,6,2,1,6,4,6,1,1,2,1,5,1,2,0,5,6,5, , , , , , , , , , 
1233,1,1,6,6,6,2,4,5,5,6,1,2,3,1,5,1,2,0,5,5,5,3,3,3,4,1,0,1, ,1,1
1234,2,1,4,5,6,2,3,4,6,2,2,5,5,6,5,3,4,2,6, ,5,5,5,5,5,1,0,1,1,1,3
1235,2,1,6,6,6,5,6,6,5, ,5,4,4,5,5,4,5,6,6,6,6,5,5,5,5,1,0,1,1,1,3
1237,1,1,6,5,6,3,4,5,4,6,3,6,4,3,5,3,4,5,4,3,5,3,3,3,3,1,0,1,0,0,1
1238,2,2,6,5,6,4,4,3,5,4,3,4,3,3,5,2,4,4,6,4,6, , , , , , , , , , 
1239,1,1,6,5,6,5,3,5,5,5,2,3,3,4,5,3,4,3,5,5,5,3,3,3,4,1,0,0,1,0,2
1240,2,1,6,4,6,3,5,6,3,6,4,3,3,4,5,3,3,3,5,5,4,3,3,3,4,1,0,1,1,0,3
1242,2,1,6,6,6,6,6,6,6,6,3,4,5,6,6,6,6,6,6,6,6,4,4,4,4,1,0,1,1,1,2
1244,2,1,4,2,5,1,3,3,2,4,0,1,1,2,3,4,4,1,2,3,3,1,1,3,3,1,0,1,0,0,1
1245,2,1,6,6,6,5,5,6,6,6,6,4,1,6,4,5,6,1,6,6,6,4,5,5,5,1,0,1,1,0,1
1246,1,2,6,5,6,5,6,5,6,6,0,6,4,5,5,3,6,0,6,6,6,4,4,4,4,1,0,1,1,1,1
1248,2,1,5,5,6,5,3,5,6,5,3,1,4,4,4,6,5,4,6,6,4,3,3,4,4,1,0,0,1,1,1
1249,1,1,6,4,4,4,4,3,5,6, , , , , , , , ,6,6,6,1,3,1,3,1,0, ,1,1,1
1250,2,2,6,6,6,6,6,6,6, ,2,4,4,4,4,3,4,3,5,5,5,5,5,5,3,1,0,1,1,1,2
1251,2,2,5,5,5,3,4,4,4,3,3,5,4,4,3,4,1,0,6,4,4,4,4,5,5,1,0,1,1,1,3
1252,2,1,5,4,6,5,4,5,4,3,2,2,5,3,6,2,3,0,1,4,4,3,4,3,3,1,0,1,1,1,1
1253,2,1,5,3,6,3,3,5,6,4,0,2,5,0,2,2,4,0,5,5,5,3,3,3,3, ,0,0,0,1,1
1254,2,1,6,6,6,6,3,6,3,6,0,5,3,2,5,2,3,3,1,3,4,1,1,3,3, ,0,1,0,0,3
1255,2,1,5,6,6,5,4,4,5,3,2,4,4,3,4,3,5, ,6,5,5,3,3,4,4,2,0,1,1,1,1
1256,2,1,6,6,6,6,6,6,6,6,0,0,5,3,6,6,3,0,6,6,6,4,4,4,3,1,1,1,1,1,1
1258,1,2,5,4,6,2,2,2,6,3,0,5,3,4,6,2,5,3,2,4,3,3, ,4,5,1, ,0,0,0,2
1260,2,1,5,5,5,3,3,5,5,3,0,6,4,5,5,4,5,0,4,5,3,3,3,3,3,1,0,1,1,0,3
1263,2,2,6,6,6,3,3,6,6,4,1,6,5,6,6,3,5,1,6,6,6,5,5,5,5,1,0,1,1,1,3
1265,1,1,6,5,5,3,5,3,4,5,4,4,4,4,4,4,4,3,5,5,5,4,4,4,4,1,0,1,1,1,1
1266,1,2,4,3,4,4,5,3,3,4,3,6,3,3,4,3,3,4,4,5,5,4,4,4,4,1,0,1,0,0,1
1267,2,2,6,6,6,3,3,4,3,3,0,3,4,5,4,2,3,0,0, , ,5,5,5,4,1,0,1,1,0,3
1268,1,2,5,4,5,4,5,3,5,2,0,5,3,4,5,5,3,3,5,4,3,5,5,4,4,1,0,1,1,1,3
1269,2,2,6,6,6,3,6,6,3,2,0,3,3,2,6,2,3,5,1,6,6,5,5,5,5,1,0,1,0,0,3
1270,2,1,6,6,6,6,5,5,6,5,5,6,0,6,5,5,5,0,5,5,5,4,4,4,4,1,0,1,1,1,2
1271,2,1,6,4,6,5,5,4,3,3,2,6,4,5,4,3,5,5,2,4,4,4,4,4,3,1,0,0,0,0,3
1272,2,1,6,6,6,6,5,6,6,6,6,4,4,4,6,6,4,4,6,6,6,4,5,4,4,1,0,1,1,0,2
1273,2,1,6,6,6,3,4,4,5,5,0,3,1,1,5,0,5,3,2,5,5,3,3,3,3,1,0,1,1,0,2
1274,2, ,6,6,6, ,5,6, , ,5,5,5, ,6,6,6, ,6,6,6,4,4,4,4,2,0,1,1,1,1
1275,1,1,6,6,6,5,5,6,6,6,3,6,5,3,6,5,6,3,6,6,6, , , , , , , , , , 
1276,2,1, , ,6,6, , , ,6, , , , , , , , , , , , , , , , , , , , , 
1279,2,1,6,5,6,4,4,3,2,5,1,5,5,6,5,2,5,2,6,5,5,3,3,4,4,1,0,1,1,0,3
1280,2,2,6,4,5,4,5,4,5,2,4,5,5,5,5,3,4,2,5,4,5,4,5,4,4,1,0,0,1,1,3
1281,1,2,6,5,6, ,3,1,4,0,0,3,4,5,2,2,3,0,3,3,3,5,5,4,4,2,0,1,1,1,3
1282,2,1,6,6,6,5,5,5,6,4,2,5,3,4,4,5,4,0,6,6,5,4,4,4,5,2,0,1,0,1,1
1283,2,1,5,3,6,4,5,3,2,5,2,2,0,2,6,0,1,6,6,6,6,3,3,3,4,1,0,1,0,1,1
1284,2,1,6,5, ,5,5, , , , ,6, ,4,5,5, , ,5,5,5,4,4,4,4,1,0,1,1,1,1
1285,1,2,5,6,6,4,1,3,5,3,1,3,1,4,4,3,1,2,6,6,6,4,4,4,4,1,0,1,0,1,2
1286,1,2,5,5,6,0,5,5,3,1,0,6,3,0,0,0,5,0,4,5,2,5,5,4,4, ,1,1,0,1,2
1287,1,1,6,6,5,3,6,6,6,4,1,5,5,3,3,5,6,1,5,5,4, , , , , , , , , , 
1288,1,2,6,5,5,3,4,3,4,3,1,4,3,4,5,0,4,0,0,4,3,4,4,4,4,1,0,1,0,0,3
1289,2,1,6,6,6,3,6,6,6,6,6,3,4,3,3,4,4,3,3,5,5, , , , , , , , , , 
1290,1,2,5,6,5,4,5,2,5,4,1,4,3,6,4,4,4,2,5,6,5, , , , , , , , , , 
1292,1,1,6,6,6,6,5,6,6,1,0,4,5,6,6,2,5,0,1,5,3,5,5,4,4,1,0,1,1,0,3
1295,2,1,5,3,5,3,2,1,5,1,6,1,0,2,5,4,1,0,4,4,3,3,3,4,5,1,0,0,1,1,3
1299,2,1,5,5,6,6,6,6,0,0,6,3,6,0,4,6,6,6,4,6,6,5,5,5,0,1,0,1,1,0,3
1300,2,1,6,5,4,1,5,5,4,6,3,3,3,3,5,6,5,5,6,6,4,3,3,3,3,1,0,1,1,0,3
1301,2,1,6,6,6,4,5,4,6,4,3,6,3,5,6,3,6,5,6,6,5,4,4,4,5,1,1,1,1,0,2
1302,2,1,5,5,5,5,4,5,5,5,4,5,4,4,4,4,4,1,4,6,4,4,4,4,5,1,0,1,1,0,2
1303,2,1,6,6,6,6,6,6,6,3,5,6,3,6,6,3,6,6,6,6,6,4,4,5,4,1,1,1,1, ,2
1304,1,2,5,1,6,6,3,2,5,6,1,5,3,3,2,2,3,6,6,6,6,3,4,4,4, ,0,0,1,1,1
1305,2,1,6, ,5,5,5,5,6,5,1,4,5,6,5,4,5, ,5,6,5,4,4,4,4,1,0,1,1,1,3
1306,2,2,6,6,6,5,3,4,5,1,1,5,4,5,5,1,5,5,3,5,5,4,4,3,3,1,0,1,0,0,3
1307,1,2,5,4,5,5,4,4,5,4,4,1,3,3,4,5,4,4,5,5,4,4,4,4,4,1,0,1,1,1,3
1308,2, ,5,6,3,3,3,5,4,4,4,5,3,5,1,3,3,3,3,5,4,3,0,3,4, ,0,1,0,0,1
1309,1,2,6,6,6,6,4,6,6,6,6,5,6,5,6,3,5,3,6,6,6,4,4,4,4, ,0,1,0,1,3
1311,1,2,6,4,2,4,5,3,2,2,0,1,2,4,3,3,2,1,2,4,6,4,4,3,3,2,1,0,1,1,3
1312,2,1,6,6,6,4,4,5,4,6,3,4,3,4,5,3,4, ,5,5,4,4,4,4,3,2,0,1, ,1,1
1313,2,1,5,2,4,3,4,2,4,4,3,3,3,3,3,2,4,2,3,5,4,1,3,3,1,3,0,0,0,0,2
1314,2,2,4,4,6,4,3,2,4,2,0,4,3,4,5,1,3,5,0,5,5,4,4,4,4,1,1,1,0,0,3
1315,1,2,5,6,4,2,4,6,5,4,3,3,5,3,5,4,3,0,5,5,5,3,4,4,4,1,0,1,1,0,3
1317,2,1,6,5,6,4,5,4,5,5,2,6,3,4,5,2,5,6,6,6, , , , , , , , , , , 
1318,1,1,6,6,6,5,6,4,5,6,3,6,3,5,5,3,6,5,2,5,5,3,3,4,4,1,0,0,0,0,1
1319,2,1,6,6,6,5,5,5,5,5,5,3,3,2,6,5,6,6,3,5,5,4,5,3,1,1,1,1,0,0,3
1320,1,1,6,6,5,5,5,6,6,4,5,4,4,5,5,4,6,0,4,5,6,4,4,4,4,1,0,1,1,0,1
1321,1,2,5,6,3,3,5,4,5,6,1,3,2,3,3,2,5,5,4,4,3, , , , , , , , , , 
1322,2,1,5,5,6,4,4,3,4,5,1,6,2,4,5,3,6,6,6,6,5,5,5,3,1,1,1,1,0,0,2
1323,2, ,4,4,4,4,3,4,5,3,3,5,3,5,3,4,3, ,5,5,4, , , , , , , , , , 
1324,2,1,6,6,6,6,5,5,5,1,0,6,5,6,5,5,3,2,4,5,4,4,5,4,4,1,0,1,1,1,3
1325,2,1,6,6,6,4,5,6,6,5,3,3,5,6,6,3,3,0,6,6,6,4,4,4,4,1,0,1,1,1,1
1326,2,1,6,6,6,4,0,6,6,0,0,5,4,5,6,5,6,0,0,5,1, , , , , , , , , , 
1328,2,1,5,4,6,3,3,5,5,3,3,4,4,4,5,5,3,0,6,6,6,4,4,4,4,1,0,1,1,1,1
1329,1, ,5,5,5,4,4,4,5,4,0,5,4,4,0,1,5,3,5,5,5, , , , , , , , , , 
1331,2,1,6,6,6,6,6,6,6,6, , , , , , , , ,3,6,6,4,5,5,4,1,0,1,1,1,3
1332,2,2,6,3,6,3,4,3,6,6,0,2,4,5,3,3,4,0,6,6,6, , , , , , , , , , 
1333,2,1,6,6,6,6,6,6,6,6,3,6,4,5,6,4,6,6,6,6,6,4,4,5,5,1,0,1,1,1,3
1334,2,1,4,4,4,1,4,4,1,1,1,5,1,4,3,1,4,0,5,5,3, , , , , , , , , , 
1339,2,2,6,6,6,5,3,4,6,6,1,6,4,5,3,2,5,1,6,6,6,3,3,5,5,1,0,1,1,1,1
1342,2,1,6,6,6,5,6,5,6,2,3,6,5,6,6,4,6,3,2,6,2,3,3,4,5, ,0,1,1,0,2
1343,2,1,6,6,6,6,6,6,6,6,2,0,3,4,1,1,3,1,5,5,3,4,3,4,4,1,0,1,0,1,3
1344,1,2,6,5,6,4,4,6,4,6,0,4,4,3,6,2,4,0,6,5,5,5,5,5,4,1,0,1,0,1,3
1345,1,2,4,3,5,3,3,2,4,2,1,3,4,2,5,2,4,6,5,5,4,4,4,4,5,1,0,0,1,1,2
1346,2,1,3,5,1,6,0,3,2,1,6,5,4,6,6,4,1,0,6,6,6,4,4,4,4,1,1,1,1,1,3
1350,2,1,6,5,6,5,5,5,5,3,3,4,5,5,5,2,5,6,5,6,6,3,4,4,4,1,0,1,1,0,2
1351,2,1,6,6,6,5,5,6,6,6,2,5,3,5,5,4,4,5,5,5,5,5,5,5,4,1,1,1,1,0,1
1352,2,1,6,6,6,6,6,6,6,6,3,6,1,6,3,5,6,6,6,6,6, , , , , , , , , , 
1354,2, ,5,6,6,3,1,1,6,1,3,2,4,3,6,0,4,0,6,4,5,3,3,3,3,1,0,1,0,1,2
1355,1,2,3,3,3,1,1,2,3,0,0,1,3,2,2,0,1,3,4,4,4,3,3,4,4, ,0,1,0,0,1
1356,2,1,6,6,4,5,4,6,4,6,0,3,3,5,3,1,2,1,5,6,5,4,4,5,5,2,1,1,1,1,3
1357,2,2,6,6,6,6,6,6,4,1,5,3,3,6,4,4,5,0,6,3,6,5,5,4,4,1,0,1,1,1,3
1358,2,1,6,5,6,4,6,5,6,6,1,6,1,5,3,1,4,6,6,4,6,4,4,4,4,1,0,1,0,1,2
1359,2,1,6,6,6,5,6,6,5,6,3,0,3,0,3,5,6,0,6,6,6,4,4,4,4,1,0,1,0,1,1
1360,1,2,6,6,6,0,6,6,6,6,0,3,0,0,3,0,0,3,3,5,3, , , , , , , , , , 
1361,1,1,6,5,6,6,5,3,6,6,6,6,4,4,1,6,6,5,4,5,4,4,4,4,4,2,0,0,0,0,3
1363,2,1,5,4,5,4,5,4,4,4, ,5,4, ,5, , ,5,4,6,5, , , , , , , , , , 
1365,2,1,6,6,6,6,6,6,6,6,2,5,4,6,4,2,5,5,4,6,6,5, ,5,5,1, ,1,1,0,3
1366,1,1,6,6,6,3,6,2,6,5,1,6,5,4,6,0,4,0,6,6,6,4,4,5,4,2,0,1,0,1,1
1369,2,1,1,5,0,3,2,5,0,1,2,6,2,6,3,1,4,0,0,6,1,4,5,4,4,1,0,1,1, ,3
1370,2,1,5,3,6,4,3,1,3,6,2,4,3,5,4,3,4,4,1,4,1,3,4,4,3,1,0,1,1,0,3
1371,1,2,5,6,6,5,4,4,5,5,4,4,4,5,4,5,4,4,5,6,4,4,4,4,4,1,1,1,1,1,3
1372,2,2,5,5,5,2,3,5,2,3,2,6,3,2,5,2,5,3,4,4,4,4,4,4,3,1,0,1,0,1,1
1373,1,1,6,6,6,5,6,6,6,4,0,4,4,2,6,6,5,5,5,6,4,4,5,4,4, ,0,1,0,1,1
1374,2,2,6,6,6,6,5,4,6,3,1,6,6,6,6,0,3,0,6,6,6,5,5,5,5,1,0,1,1,1,2
1375,2,2,6,6,6,4,4,5,3,5,3,2,3,3,5,3,4,5,2,6,3,4,4,4,4,1,1,1,1,0,3
1376,1,1,4, ,6,5,2,1,4,6,2,3,3,5,2,4,5,2,6,3,5,4,4,4,3,1,0,0,1,0,1
1377,1,2,6,6,6,4,5,5,5,0,3,5,5, ,5,3,6,5,0,6,6,5,5,5,5,1,1,1,1,0,3
1378,2,1,6,5,6,4,4,4,3,3,1,6,5,5,5,2,5,6,4,6,6, , , , , , , , , , 
1379,1,1,5,3,5,1,4, , ,4,0,1,1,3,5,2,4,1,4,6,6, , , , , , , , , , 
1380,1,1,6,4,6,3,5,3,6,3,0,1,0,2,4,4,4,0,6,6,5,3,3,4,4, ,1,0,1,1,1
1381,1,2,6,5,6,4,5,5,5,5,3,3,3,3,4,3,4,3,6,5,5, , , , , , , , , , 
1382,2,1,6,6,5,5,4,5,5,6,5,4,4,6,6,4,5,3,6,5,5,0,1,3,4,1,0,0,1,1,2
1383,2,2,6,6,4,5,5,1,4,6,0,4,2,5,5,0,1,0, , ,5,3,3,4,3,1,0,1,1,0,3
1384,2,1,6,6,6,3,5,5,6,3,5,3,5,5,5,5,3,0,6,6,4,4,5,5,4,2,0,1,1,0,2
1385,1,2,4,5,3,3,5,5,3,3,0,5,5,4,2,1,6,4,2,4,2,4,4,4,4,2,0,1,1,0,3
1387,1,2,6,6,6,4,6,5,5,4,2,4,3,4,4,5,5,0,6,6,5,4,4,4,4,2,0,1,1, ,3
1388,2,2,5,6,6,5,4,5,3,2,1,3,1,3,4,2,3,6,5,6,5,3,3,4,3,1,0,1,0,1,2
1389,2,2,6,5,6,5,2,6,4,2,1,5,5,5,3,1,1,6,5,6,5,5,5,5,4,1,0,1,1,1,3
1391,2,1,6,5,6,3,5,5,6,3,2,4,4,4,4,3,4,1,4,5,5,4,4,4,4,1,0,1,0,1,2
1392,2,2,6,6,6,5,5,6,6,1,6,5,6,6,6,1,4,0,6,6,6,4,4,5,5,1,0,1,1,1,3
1394,2,2,6,5,6,5,4,5,6,5,5,4,5,4,4,4,4,6,5,5,5,3,4,4,4, ,0,1,1,0,2
1395,1,2,5,4,5, ,4,4,4,2,2,5,3,5,5,2,4,1,4,3,4, , , , , , , , , , 
1396,2,1,5,2,4,1,2,2,3,3,2,1,1,2,2,1,4,3,6,6,6, , , , , , , , , , 
1398,2,2,6,6,6,2,3,5,6,0,0,6,6,5,5,2,4,0,5,5,4,4,4,4,5,1,0,1,1,1,3
1399,1,2,4,4,3,2,4,3,3,3,2,2,4,4,3,2,3,4,4,4,4,5,5,5,4,2,0,1,1,0,3
1400,2,1,6,6,6,6,6,6,6,0,3,4,1,3,5,1,2,5,1,6,6,5,5,5,5,3,0,1,1,0,3
1402,2,2,5,5,4,5,5,2,5,2,5,5,5,5,3,6,3,1,2,3,3,3,3,3,3,1,0,1,1,0,3
1403,1, ,5,5,5, , , ,5, , , , , , , , , , , , , , , , , , , , , , 
1404,1,2,5,3,5,3,4,6,4,0,6,3,4,3,3,4,4,0,5,5,4,4,4,4,3,1,0,1,1,0,3
1405,2,1,6,6,6,4,6,6,6,6,0,4,5,3,4,5,4,1,4,5,5,4,5,5,5, ,0,1,1,1,2
1406,2,2,6,6,6,6,5,6,6,2,2,6,5,4,3,2,5,5,4,3,3,4,4,4,3,1,0,1,1,1,1
1408,2, ,6,6,0,0,0,0,6,0,0,6,0,0,5,0,3,6,0,3,0,4,4,5,4,1,0,1,0,0,2
1409,1,2,5,6,6,6,5,4,6,5,6,2,3,4,5,5,3,4,6,5,5,4,4,5,4,1,0,1,1,1,3
1410,2,2,6,4,4,4,4,3,5,6,5,3,5,5,6,4,4,0,4,6,4,1,3,4,4,1,0,0,1,1,3
1412,2,2,5,4,6,5,3,3,6,3,2,6,2,6,4,4,4,0,5,6,5,3,3,4,4,1,1,0,1, ,1
1413,2,2,6,6,5,5,3,5,6,3,0,5,4,5,3,5,4,5,1,6,5,5,5,5,5,1,0,1,0,0,3
1417,1,2,6,2,5,6,1,4,6,1,4,3,4,3,5,3,5,3,6,5,4, , , , , , , , , , 
1418,1,2,6,6,6,5,5,6,5,1,1,5,1,4,1,1,5,4,6,4,4,5,5,4,4,2,0,1,1,1,3
1419,2,1,6,2,6,2,2,0,3,6,3,0,3,5,0,2,4,0,4,6,6, , , , , , , , , , 
1422,2,1,6,6,6,5,5,4,4,5,4,4,5,5,6,3,5,3,3,5,4,4,4,4,5,1,0,1,1,1,1
1423,1,1,6,6,6,3,4,6,5,5,3,4,4,4,6,4,6,0,6,6,6,5,5,5,5,1,0,1,0,1,1
1425,1,2,5,3,6,5,4,4,4,0,1,4,2,4,5,1,3,6,0,6,6, , , , , , , , , , 
1426,1,2,5,5,6,5,4,5,3,4,1,3,4,4,3,3,3,4,1,1,2, , , , , , , , , , 
1427,1,2,3,3,6,2,3,0,0,3,0,6,0,4,5,0,5,3,3,3,3,1,1,3,3,1,0,0,0,0,1
1429,1, ,6,6,6,6,6,6,6,6,6,6,6,6,6,6,6, ,6,6,6,4,4,4,5,2,0,1,1,1,3
1430,2,2,6,5,2,5,2,5,4,4,0,5,5,5,4,5,2,5,3,6,4, , , , , , , , , , 
1431,1,2,6,5,6,4,4,4,6,3,1,5,5,5,4,3,5,4,6,6,6,4,5,4,4,1,0,1,1,1,3
1432,2,1,5,5,5,3,5,5,6,5,2,4,3,4,5,3,2,2,6,5,6, , , , , , , , , , 
1433,2,2,6,6,6,5,4,5,6,6,1,3,5,4,3,3,3,1,3,6,3,3,3,4,4,1,0,1,1,0,2
1434,2,1,6,6,6,6,6,6,6,6,3,3,5,2,6,1,5, ,6,6,6,3,4,3,3,1,0,1,1,1,1
1436,2,2,6,5,6,3,4,5,6,4,1,5,4,4,5,3,4,2,4,5,5,4,5,5,5,1,1,1,0,0,3
1437,2,2,5,4,3,3,3,3,3,1,1,3,3,3,5,2,3,1,1,3,3,4,4,4,4,1,1,0,0,0,3
1438,2,2,6,6,6,4,5,6,4,3,0,4,5,5,6,1,4,6,6,6,6,4,4,4,4,1,0,1,0,0,2
1439,2,1,5,3,6,3,3,1,4,1,0,5,3,6,0,5,6,5,0,5,4,4,5,4,4,2,0,0,0,0,3
1440,2,1,6,5,6,5,4,6,6,6,4,5,4,5,4,3,5,4,6,6,6,3,3,4,5,1,0,0,0,1,1
1441,2,2,6,6,6,4,4,6,6,6,3,6,3,6,6,3,6,4,6,6,6,1,3,5,5,1,0,1,1, ,2
1442,1,2,5,5,4,4,5,4,5,6,5,4,3,4,5,5,4,3,6,5,5,1,1,1,3, ,0,0,1,1, 
1443,2,1,6,4,5,5,6,6,6,6,2,3,1,5,4,1,5,0,6,5,4,3,3,4,4,1, ,1,0,1,3
1444,1,2,4,4,6,4,4,4,4,4,0,5,4,4,1,2,5,4,5,4,5,3,4,4,4,1,0,1,0,1,1
1445,2,2,5,5,6,1,6,6,4,5,1,4,2,4,1,1,4,3,3,4,4, , , , , , , , , , 
1446,2,2,6,6,3,3,4,3,4,5,5,2,3,4,2,5,3,4,6,6,4,5,4,5,5,2,0,1,0,1,3
1447,2,2,5,4,5,5,4,6,2,2,2, ,3,5,4,4,3,3,2,5,4,4,4,3,3,1,1,1,1,0,3
1448,2,1,6,6,5,3,4,5,4,0,2,4,4,3,3,3,5,3,6,6,6, , , , , , , , , , 
1450,2, ,6,6,6,3,4,6,3,3,1,6,1,6,6,1,2,1,6,6,4,5,5,4,4,1,0,1,1,1,3
1451,1,1,6,5,6,3,5,4,6,1,0,5,5,2,2,1,6,6,4,5,4,4,4,4,4,1,0,1,0,0,3
1452,1,2,6,6,5,3,6,6,4,2,1,5,4,3,4,0,5,3,4,4,4,5,4,4,3,1,0,1,1,0,2
1453,2,1,4,5,2,1,2,1,4,3,0,3,3,4,5,2,3,5,5,4,5,3,3,1,1,1,0,0,0,0,2
1454,2,2,6,6,5,5,5,6,3,1,2,5,4,4,4,3,5,6,1,6,4, , , , , , , , , , 
1458,1,2,5,5,5,3,1, ,3,1,0,3,4,3,4,0,4,0,2,4,2, , , , , , , , , , 
1459,1,1,5,5,5, ,3,5,5, ,3,5,5,5,4,4,4,4,6,6,5,4,4,5,5,1,0,1,1,0,1
1460,1,2,6,5,5,4,4,4,4,5,2,5,4,3,3,2,3,4,6,5,4,4,4,4,4,1,0,1,1,1,3
1461,2,1,6,6,6,6,6,6,6,6,4,4,4,5,6,5,6,0,6,6,6,4,5,5,5,1,0,1,0,1,1
1463,2,1,6,6,6,4,5,6,5,4,3,5,3,6,4,3,4,2,5,6,5,4,4,4,4,1,0, ,1,1,2
1464,1,1,6,5,5,4,4,6,5,6,1,4,2,3,6,1,5,5,5,6,5,3,4,4,4,1,0,0,1,1,1
1466,2,1,5,5,6,5,5,2,5,5,1,4,5,2,5,0,2,0,5,5,5,3,4,4,4,1,1,0,0,1,2
1467,2,2,6,6,6,5,6,6,4,4,4,6,5,6,6,4,6,4,6,6,5,4,4,5,5,1,0,1,1,1,3
1468,2,1,6,6,6,6,4,6,3,1,6,5,1,1,6,1,3,3,6,5,6,4,4,4,4,1,1,1,1,1,1
1469,1,1,6,5,6,6,3,5,5,5,6,3,5,3,3,5,3,6,4,5,4, , , , , , , , , , 
1470,1,1,5,5,6,3,3,5,3,2,2,4,2,3,4,2,3,4,5,3,3,4,5,4,4, ,0,1,0,1,1
1472,2,2,6,5,6,4,4,6,5,1,0,5,4,6,6,5,3,0,5,6,4, , , , , , , , , , 
1474,1,1,5,3,5,4,3,3,5,4,2,3,3,4,4,4,3, ,5,5,4,4,4,4,4,1,0,1,1,1,1
1475,1,2,6,5,6,3,4,5,5,0,0,5,4,4,4,3,4,5,5,5,3,5,5,5,4,1,0,1,1,1,3
1476,2,1,6,6,4,5,4,4,5,3,4,5,5,6,6,4,4,1,6,6,6,3,3,4,4,1,0,1,1,0,2
1478,1,2,6,6,5,5,5,6,5,5,4,6,5,6,5,6,5,3,6,6,6,3,4,4,4,1,0,1,1,1,2
1479,1,1, , ,6, , ,6,6,6,6,0,3, ,0, ,5,0, ,6,6,3,1,5,5,2,0,0,0,0,3
1480,2,2,5,6,6,5,5,6,5,0,4,6,6,5,6,6,5,6,6,6,6, , , , , , , , , , 
1483,2,2,4,4,5,4,3,5,3,5,1,2,4,6,5,2,5,4,5,5,4,4,4,4,3,1,1,1,1,1,3
1485,1,2,6,6,5,1,3,1,2,4,0,2,5,2,4,1,5, ,5,4,4,4,4,3,3,2,1,1,1,1,3
1486,2,2,6,5,6,4,4,6,5,3,2,6,3,4,6,3,5,5,5,6,6, , , , , , , , , , 
1488,2,2,5,5,6,5,4,6,5,0,3,5,3,6,6,6,3,1,1,5,1,4,4,4,4,1,0,1,1,0,3
1489,1,1,6,6,6,4,6,5,5,1, , , , , , , , ,6,5,5,4,5,4,4,1,0,0,1,1,2
1492,2,1,6,6,6,6,6,6,6,6,6,3,4,4,4,3,5,0,5,5,5,3,3,3,3,1,1,1,1,1,1
1493,2,1,6, , , , , , , , , , , ,6, , , ,6, , , , , , , , , , , , 
1496,1,1,5,5,5,3,5,5,5,5,1,1,2,1,5,1,2,2,5,3,5, , , , , , , , , , 
1499,2,1,6,5,5,4,4,5,5,0,4,3,4,5,5,3,4,0,4,5,5,4,4,4,3,1,0,1,1,1,1
1500,2,1,6,6,6,5,6,6,6,0,0,5,3,5,6, ,5,6,4,6,4,5,5,4,4,1,1,1,1,0,2
1501,2,1,6,6,6, ,1,6,6,4,5,2,4,2,4,2,4,3,6,6,6,3,3,1,1,1,0,1,0,1,2
1502,2,1,6,4,6,4,6,6,6,0,1,6,1,4,6,1,4,0,6,5,4,4,4,4,4,1,1,1,1,1,1
1504,2,2,6,6,5,6,4,6,6,6,2,3,5,3,6,4,5,5,6,6,6,3,3,3,3,1,1,1,0,0,1
1505,2,2,5,5,4,4,4,3,4,3,3,5,4,3,4,2,3,4,4,5,4,4,4,4,5,1,0,0,1,1,1
1506,2,2,6,6,5,6,5,6,6,5,0,5,4,5,6,4,3,0,3,5,3,5,5,4,4, ,0,1,1,1,3
1508,2,2,6,6,6,5,4,6,6,5,2,4,4,6,6,3,4,2,3,6,3,5,5,5,5,1,0,1,0,0,3
1510,1,1,2,2,6,1,3,2,4,6,0,5,3,2,0,1,2,1,3,3,3, , , , , , , , , , 
1511,2,1,4,5,4,4,4,1,5,3,1,1,2,4,1,3,5,6,5,5,5,4,4,4,3,1,0,0,1,0,2
1516,1,2,5,5,5,4,4,4,4,4,2,3,4,3,4,3,4,3,5,5,5,3,3,3,3,1,0,0,1,1,1
1517,2,2,6,6,6,5,3,5,5,5,0,4,6,5,4,5,4,6,6,6,6,3,3,4,4,1,1,1,0,1,3
1518,2,1,6,6,6,5,5,6,6,5,4,5,4,4,4,3,4,2,5,6,4,4,5,4,4,1,0,1,1,0,1
1519,1,1,4,3,6,5,2,3,5,6,0,5,4,4,3,3,3,3,5,4,5,1,3,3,3, ,0,0,1,0,2
1520,1,2,6,4,3,5,1,3,5,1,1,3,4,4,5,1,3,1,2,4,5,4,4,4,4,1,0,0,0,0,3
1521,2,1,6,6,5,6,6,6, ,0,5,4,4,5,6,5,4,1,3,5,3,5,5,4,5,1,0,1,1,1,3
1524,2,2,5,5,6,3,4,4,3,2,0,5,4,4,4,4,5,4,4,4,4,4,4,4,3,1,0,1,1,1,3
1527,2,2,5,2,6,6,5,1,6,3,3,6,5,4,6,4,6,3,4,5,5,4,3,4,4,1,1,0,1,0,2
1530,1,1,6,3,6,3,4,6,6,6,0,3,5,3,3,0,6,0,6,6,6,1,1,3,3,1,0,0,1,0,1
1531,2,1,5,5,2,4,5,5,3,3,5,4,2,3,4,5,5,5,5,5,5,5,4,4,4,1,1,1,1,0,2
1536,2,2,5,5,5,5,5,5,5,5,4,5,4,5,5,5,5,4,6,6,6, , , , , , , , , , 
1537,1,1,6,5,6,5,6,5,6,6,3,5,4,4,5,3,4,2,6,6,6,4,4,4,4,1,1,1,0,1,1
1539,1,2,6,4,6,5,4,6,5,0,5,5,2,5,5,2,4,3,5,5,5,4,5,4,4,2,1,1,1,0,3
1540,2,1,5,6,5,5,5,5,5,5,5,3,0,3,3,5,4,0,6,6,6,4,4,5,5,1,0,1,1,0,3
1541,2,1,6,6,6, ,6,6,6,5,3, ,4,5,6,6,3,3,6,6,6,5,5,4,4,1,0,1,1,1,1
1542,1, ,4,4,6,4,5,4,4,5,3,3,3,4,4,3,4,2,4,4,4,3,3,3,3,1,0,0,0,1,2
1543,2,1,6,5,5,5,5,6,5,4,0,4,1,4,4,0,4,6,6,6,6,4,4,3,4,1,1,1,1,1,2
1544,1,1,5,6,6,1,4,5,4,3, , , , , , , , ,5,5,4,3,3,3,4,1,0,1,1,1,2
1545,2,1,6,6,6,6,6,6,6,3,6,1,5,6,4,0,6,0,6,6,6,4,4,4,3,2,1,1,1,1,1
1548,1,2,6,6,6,3,3,5,4,1,1,4,2,3,5,1,4,1,5,4,4,5,5,5,5,2,0,1,1,1,3
1549,1,1,6,6,2,3,6,5,6,6,1,2,3,1,4,2,2,0,3,3,2,3,3,3,3,1,0,1,1,0,1
1558,1,1,6,6,6,6,3,5,6,6,6,4,3,3,4,5,6,1,6,6,6,4,4,4,4,1,0,1,1,0,1
1559,2,2,6,4,6,4,5,6,5,4,2,5,4,5,5,2,4,3,5,6,6,4, ,3,3,1,0,1,1,1,1
1560,1, ,6,1,5,1,5,1,5,5,1,5,4,5,3,2,4,3,3,5,3,1,3,3,3,1,0,0,0,0,1
1561,2,1,5,5,5,4,5,5,5,5,6,6,5,4,6,2,6,5,2,5,6, , , , , , , , , , 
1562,2,1,5,5,6,4,4,5,4,4,2,5,5,5,4,3,4,5,5,5,5,4,4,4,4, ,1,1,1,1,1
1563,1,1,5,4,5,4,4,5,4,5,1,1,3,3,5,3,5,1,1,5,3,4,4,4,4,1,0,1,1,0,1
1564,2, ,5,3,5,2,4,3,6,4,0,5,3,0,1,0,4,0,3,4,1, , , , , , , , , , 
1567,1,2,5,3,6,4,3,6,5,0,1,6,4,3,5,2,5,5,2,5,2,4,4,4,4,1,0,1,1,0,3
1568,2,1,6,6,6,4,5,5,5,4,1,1,4,3,6,2,4,5,6,2,5,4,4,4,5,1,0,1,1,1,2
1571,2,1,6,5,6,4,5,4,6,2,3,6,4,4,3,2,5,4,6,6,6,4,4,5,5,1,0,1,1,1,3
1574,2,1,4,2,4,4,2,2,3,4,0,1,3,2,3,3,5,0,3,3,4,3,3,3,3,1,0,0,0,0,1
1578,2,1,6, ,6,5,6,6,6,6,0,4,4,4, ,3,4,0,6,5,4,4,5,4,4,1,0,1,0,1,1
1582,2,2,6,3,6,3,6,2,6,3,1,2,6,6,3,5,6,3,3,6,6,3,3,5,4,1,1,0,1,0,3
1583,2,1,4,4,4,4,3,3,3,2,2,6,4,6,6,2,4,5,4,4,4,4,4,4,4,1,0,1,1,0,2
1584,1,1,6,5,4,4,4,5,5,4,4,3,5,4,4,3,3,2,6,6,5,3,4,4,4,2,1,1,1,1,3
1585,1,1,5,4,0,0,4,0,5,0,3,5,0,5,6,3,6,6,6,6,6,4,4,3,1,3,0,1,0,1,3
1589,1,1,3,3,4,3,3,4,3,3,4,2,3,3,6,3,3,4,5,5,5,4,5,4,4, ,0,1,1,0,2
1592,2,2,6,6,6,6,6,6,6,6,2,6,4,5,4,0,3,0,6,6,6,4,4,4,5,1,0,1,1,1,2
1593,2,2,4,3,4,3,3,2,3,2,2,3,3,3,2,2,2,3,3,3,3,4,4,3,3,1,0,1,1,0,3
1594,2,1,6,2,6,1,3,6,5,5,0,5,5,6,4,0,3,0,1,5,3,1,3,4,4, ,0,1,1,0,3
1597,2,2,5,3,0,2,5,4,1,1,4,6,4,6,4,2,5,5,2,3,6,4,5,4,4,1,0,1,1,1,3
1598,2,2,5,5,5,5,3,5,5,1,0,2,4,5,4,3,3,0,5,5,5,5,5,5,5,1,0,1,1,1,3
1602,2,2,6,6,6,6,6,5,6,6,3,5,3,5,5,2,5,1,5,6,6,4,4,4,4,1,0,1,1,1,3
1605,2,2,6,6,6,4,6,6,6,6,6,5,6,6,3,3,5,3,6,5,6,5,5,5,5,1,0,1,1,0,2
1606,2, ,5,5,6,5,4,5,5,3,1,2,3,4,5,0,5,3,5,5,3, , , , , , , , , , 
1608,2,1,6,5,5,6,5,6,5,3,3,5,4,5,6,2,4,6,5,5,5,4,5,5,5,1,0,1,0,0,2
1609,2,2,6,6,6,5,6,6,6,1,2,4,3,3,6,5,3,0,6,6,6,4,5,5,5,1,0,1,1,1,3
1610,2,1,6,4,6,6,5,4,6,6,6,4,5,5,4,6,6,0,6,6,6,4,4,4,5,1,0,0,1,0,2
1612,2,2,6,6,6,6,1,4,6,3,0,4,4,5,5,3,3,3,3,6,6, , , , , , , , , , 
1614,1,1,6,6,6,4,3,5,5,5,1,6,2,5,5,3,3,2,5,6,5,4,5,5,5,1,0,1,1,1,2
1616,2,1,6,6,6,6,6,6,6,6,4,5,4,4,6,6,6,6,6,6,5,4,4,4,4,1,0,1,1,0,1
1617,1,2,5,5,5,5,0,5,0,0,4,5,5,4,6,3,6,6,0,6,6,4,4,4,4,1,1,0,1,0,1
1619,2,1,6,6,6,6,5,6,6,6,4,3,5,6,5,4,5,5,6,6,6, , , , , , , , , , 
1620, ,1,6,6,6,5,6,6,4,5,6,3,6,2,4,2,6,6, ,6,5, , , , , , , , , , 
1622,1,1,5,2,6,6,3,1,5,6,0,0,3,3,1,0,6,0,0,5,2, , , , , , , , , , 
1624,1,1,5,5,5,5,4,5,5,4,2,3,5,4,5,4,4,5,4,5,4,4,5,4,4,1,0,1,1,1,3
1625,2,2,6,5,6,6,6,6,5,3,5,5,4,6,4,5,4,5,6,6,6,4,4,5,4,1,0,1,1,0,3
1626,2,1,6,6,6,6,6,6,6,6,5,5,5,5,5,3,5,5,6,6,6, , , , , , , , , , 
1627,2,2,5,5,5,4,5,4,3,1,0,1,4,5,5,2,2,5,5,6,2,4,4,4,4, ,0,1,1,1,3
1628,1,2,4,4,2,4,3,4,4,1,6,4,5,4,5,3,4,4,4,6,6,4,4,4,4,1,0,1,0,0,2
1629,2,1,6,5,6,5,5,6,5,5,3,4,3,4,5,4,5,4,5,6,3,4,4,4,4,1,0,1,1,1,1
1630,2,1,5,3,6,6,4,3,3,5,5,5,4,2,5,1,5,3,3,6,5,1,3,4,4,1,0,0,1,0,1
1631,1,1,5,1,5,0,3,3,2,5,0,5,3,2,5,0,3,0,5,5,1, , , , , , , , , , 
1632,1, ,6,5,6,4,5,4,6,6,3,3,4,4,5,1,6,3,6,6,6,3,4,3,1,1,1,1,1,1,2
1637,1,1,6,4,5,2,1,5,2,6,1, ,1,2,5,4,2,1,6,4,4, , , , , , , , , , 
1638,2,1,6,5,6,5,5,5,5,3,3,5,3,3,3,3,4,5,6,6,4, , , , , , , , , , 
1639,2,1,6,4,6,4,5,4,5,6,4,5,4,5,5,4,5,4,6,5,5,4,4,4,4,1,0,1,1,0,2
1640,2,1,6,6,6,6,6,5,6,5,4,6,4,6,6,5,6,5,6,6,6,3,4,4,5,1,0,1,1,0,3
1642,2,1,4,5,5,3,2,3,3,3,4,4,4,5,4,3,3,1,5,4,4,4,4,4,4, ,0,1,1,1,3
1643,1,2,5,5,5,5,4,5,4,1,3,4,4,3,4,4,4,3,6,5,5, , , , , , , , , , 
1650,1,2,6,5,4,4,4,5,3,5,3,3,2,3,3,3,3,4,5,4,5,4,4,4,4,1,1,1,1,1,2
1651,1,2,6,5,6,5,3,5,5,0,0,5,5,4,5,5,1,6,6,5,3,5,4,4,4,2,0,1,1,1,3
1652,2,1,6,6,6,5,5,5,6,2,4,5,4,5,1,2,4,0,0,6,2,4,5,4,3,1,1,1,1,0,1
1653,2,1,6,6,5,4,5,5,5,4,2,5,4,3,4,5,3,5,6,6,6, , , , , , , , , , 
1654,1,1,6,5,5,3,4,4,6,4,6,4,1,1,3,5,1,3,6,6,6,3,4,4,4,1,0,1,0,1,1
1655,1,2,6,5,5,5,4,4,5,3,5,5,4,5,4,4,4, ,4,5,4,4,4,4,5,1,0,1,1,1,1
1657,1,2,6,5,6,4,2,0,2,6,1,1,0,5,6,4,3,0,5,6,3,3,4,5,4,1,0,0,1,1,2
1658,2,2, ,5,6, ,5,4,6, ,3,4,5,5,6,6,4,3,6,5,5,4,4,4,4, , ,1,1,0,2
1659,2,2,6,5,6,6,4,4,6,4,3,2,5,3,6,1,6,6,6,6,5, , , , , , , , , , 
1661, ,1,5,3,6,5,3,3,5,2,1,5,3,6,1,5,4,0,5,5,4,3,3,3,1,2,0,0,1,1,2
1665,1,2,5,6,0,3,4,6,3,2,2,5, ,2,5,4,5,5,5,5,5,4,5,4,3,1,1,1,0,0,3
1667,1,1,4,4,5,1,3,4,5,4,1,4,3,2,4,1,3,0,5,4,3,4,4,3,3,1,0,1,0,0,2
1670,1,2,5,5,5,3,2,5,4,2,3,4,3,4,4,2,4,2,5,4,5,4,4,5,5, ,0,1,1,1,3
1672,2,2,6,6,6,5,5,6,5,0,3,3,2,4,5,3,4,3,6,6,6, , , , , , , , , , 
1675,2,1,6,6,5,4,3,5,6,5,3,3,5,6,6,3,3,0,3,6,3,4,4,4,4,1,0,1,1,1,1
1677,1,2,6,6,6,6,6,6,6,3,2, ,3,2,5,3,5,4,5,4,3,4,4,4,4,1,1,1,1,0,1
1679,1,2,5,5,4,4,4,6,5,3,3,5,4,5,5,4,4,4,5,5,5,5,5,5,4,1,1,1,0,0,2
1690,1,2,5,4,5,4,3,3,4,3,0,3,3,3,4,1,2,0,4,4,4,4,4,4,4, ,0,0,0,1,3
1691,2,1,5,5,6,5,5,5,3,2,2,3,3,5,4,3,4,5,5,4,3, , , , , , , , , , 
1692,1,2,4,5,5,3,2,3,3,2,1,4,3,5,3,2,3,3,4,6,6,4,4,4,4,1,0,1,1,0,3
1696,2,1,6,6,6,4,4,4,4, , ,4,4, , ,4, , , , , , , , , , , , , , , 
1699,2,2,6,5,5,5,4,5,5,2,2,5,4,3,6,2,5,6,6,6,4,4,4,4,4,1,0,1,1,0,2
1705,2,1,6,5,6,0,3,5,4,4,3,2,3,5,5,1,4,5,6,4,6, , , , , , , , , , 
1707,2,1,6,5,6,5,5,5,6,6,2,4,5,3,6,5,6,0,5,3,4,4,4,4,4,1,1,1,1,1,3
1710,2,1,6,6,6,6,6,6,6,1,3,5,5,5,4,5,6,6,6,6,5, , , , , , , , , , 
1712,2,1,6,6,6,6,6,6,6,6,5,3,6,6,6,5,5,6,6,6,6, , , , , , , , , , 
1715,2,1,6,6,6,6,6,6,6,3,5,6,0,6,5,5,5,0,6,6,6,5,5,5,5,1,0,1,1,0,2
1716,2,2,5,5,5,5,3,1,6,3,3,5,2,5,5,4,4,5,6,6,6,4,4,4,4,3,0,0,0,1,3
1719,2,1,6,6,6,6,5,6,6,4,4,2,3,4,6,1,4,6,2,5,4, , , , , , , , , , 
1720,1,1,5,4,5,5,4,2,5,5,0,5,5,5,4,3,5,0,4,5,4,1,3,1,0,1,0,0,1,1,2
1726,1,2,3,5,0,2,4,6,1,1,5,5,2,5,4,3,1,1,3,4,4, , , , , , , , , , 
1728,2,2,5,5,4,6,3,5,2,5,5,5,5,6,5,2,3,6,6,6,5,1,1,4,4,1,0,0,1,0,3
1729,1,2,5,6,4,2,5,5,3,3,0,3,3,2,4,3,5,4,3,3,3,4,4,4,3,1,1,1,0,0,3
1731,1,2,3,4,4,1,4,2,0,1,4,2,0,1,1,4,2,6,3,3,0, , , , , , , , , , 
1732,2,1,6,4,6,4,5,4,6,3,6,5,4,4,6,3,6,5,5,5,5, , , , , , , , , , 
1737,2, ,4,4,6,4,3,5,4,3,5,3,3,5,6,4,5,1,4,4,4,4,4,3,3,1,0,1,0,1,1
1740,2,1,6,6,6,5,6,6,6,6,1,6,4,5,4,5,5,5,0,6,5,4,4, ,4,1,0,1,1,0,3
